position_1,timestamp_1,position_2,timestamp_2
-4.376294837626915e-08,0.0,-1.707034548381614e-06,0.0
8.49357652699112e-06,4000000.0,-1.306136916401357e-06,4000000.0
6.873498674098144e-05,8000000.0,2.9054808522221975e-05,8000000.0
0.00021808097204578658,12000000.0,0.0002182688333780547,14000000.0
0.00048626654367733835,16000000.0,0.0003362281359335917,16000000.0
0.000894679545841548,20000000.0,0.0006727693739003726,20000000.0
0.0014574041230841495,24000000.0,0.0011573652369425425,24000000.0
0.0021822433591318635,28000000.0,0.0021839239105827524,30000000.0
0.003071677632060954,32000000.0,0.0026082151876232196,32000000.0
0.004123790254527471,36000000.0,0.0035796672614307745,36000000.0
0.005333176403938378,40000000.0,0.004711432635129853,40000000.0
0.00669172220788683,44000000.0,0.005996665056356765,44000000.0
0.008189299193186894,48000000.0,0.007426166639340259,48000000.0
0.009814377269762975,52000000.0,0.008989041504197548,52000000.0
0.011554556887574563,56000000.0,0.010673268045593431,56000000.0
0.013397022800277547,60000000.0,0.012466191415256844,60000000.0
0.015328923273587147,64000000.0,0.014354939396633792,64000000.0
0.017337679628751435,68000000.0,0.016326766076204535,68000000.0
0.019411231752508584,72000000.0,0.018369328606506308,72000000.0
0.02153822567462438,76000000.0,0.020470902956230663,76000000.0
0.023708149551935787,80000000.0,0.022620544891807537,80000000.0
0.025911424441122044,84000000.0,0.024808202571066307,84000000.0
0.02813945612638058,88000000.0,0.02702478708908318,88000000.0
0.030384654025142233,92000000.0,0.030386476385897865,94000000.0
0.032640422854290474,96000000.0,0.03264216597811842,98000000.0
0.034901132327344264,100000000.0,0.03490279848046596,102000000.0
0.037162069692637356,104000000.0,0.036033461536511435,104000000.0
0.04054568656826918,110000000.0,0.03829294365537228,108000000.0
0.042792028937479465,114000000.0,0.04054717395438834,112000000.0
0.045028387103786205,118000000.0,0.04279345108483357,116000000.0
0.04725332951562722,122000000.0,0.045029747733759784,120000000.0
0.049465942598255985,126000000.0,0.047254632276968245,124000000.0
0.0516657552196329,130000000.0,0.04946719097782015,128000000.0
0.052760817327416554,132000000.0,0.05276199015534777,134000000.0
0.0549413379701722,136000000.0,0.05494246402471337,138000000.0
0.057109355986604715,140000000.0,0.05602798378694018,140000000.0
0.05926541513575678,144000000.0,0.05818990009260494,144000000.0
0.06141021907877908,148000000.0,0.06034019444166239,148000000.0
0.06354458458829981,152000000.0,0.06247963218279251,152000000.0
0.06566940085466832,156000000.0,0.06460907068639177,156000000.0
0.06778559471492507,160000000.0,0.06672942164751916,160000000.0
0.06989410152205977,164000000.0,0.0688416191805481,164000000.0
0.07199584129075509,168000000.0,0.07094659337941955,168000000.0
0.07409169969823637,172000000.0,0.07304524894830067,172000000.0
0.07722627403721649,178000000.0,0.07513844846066009,176000000.0
0.07931095728021775,182000000.0,0.07722699977723924,180000000.0
0.08139241187421353,186000000.0,0.07931164714215289,184000000.0
0.08243211963796693,188000000.0,0.0824327549402546,190000000.0
0.08450983853922311,192000000.0,0.08451043684042414,194000000.0
0.08658569906909497,196000000.0,0.0855485526288926,196000000.0
0.08866012420966252,200000000.0,0.08762360899938582,200000000.0
0.09073346964423123,204000000.0,0.09073395330172307,206000000.0
0.09280602805633453,208000000.0,0.0928064721923394,210000000.0
0.09487803412833484,212000000.0,0.09384251171178226,212000000.0
0.09694966998754317,216000000.0,0.09591427246148276,216000000.0
0.1000567140812616,222000000.0,0.09798573547960299,220000000.0
0.10109233092214209,224000000.0,0.10005701475247486,224000000.0
0.1031635086902396,228000000.0,0.102128185961877,228000000.0
0.10523463268368172,232000000.0,0.1041992920227588,232000000.0
0.1073057064178995,236000000.0,0.10627034835868265,236000000.0
0.1093767131731278,240000000.0,0.10834134783709493,240000000.0
0.1114476203235708,244000000.0,0.11041226530942527,244000000.0
0.11351838322508545,248000000.0,0.11248306172088673,248000000.0
0.11558894865076619,252000000.0,0.11455368777186292,252000000.0
0.1176592577767166,256000000.0,0.11662408712703431,256000000.0
0.11972924873076307,260000000.0,0.11869419918003166,260000000.0
0.12179885872506624,264000000.0,0.12076396139074852,264000000.0
0.12386802579970757,268000000.0,0.12283331121954166,268000000.0
0.12593669020869402,272000000.0,0.12490218768777339,272000000.0
0.1280047954825605,276000000.0,0.12697053259769575,276000000.0
0.13007228920319536,280000000.0,0.12903829144669476,280000000.0
0.13213912352678836,284000000.0,0.1311054140717891,284000000.0
0.13420525549016293,288000000.0,0.13317185506005558,288000000.0
0.13627064713440484,292000000.0,0.13523757395962788,292000000.0
0.138335265477739,296000000.0,0.13730253532426717,296000000.0
0.14039908236727294,300000000.0,0.1393667086223105,300000000.0
0.14349325460250384,306000000.0,0.14143006803833602,304000000.0
0.14555497400636952,310000000.0,0.14452353549703423,310000000.0
0.14658550965861084,312000000.0,0.14658477553398885,314000000.0
0.1486459259750883,316000000.0,0.148645143953821,318000000.0
0.15070546200235313,320000000.0,0.14967499846659704,320000000.0
0.15276411170973336,324000000.0,0.1517340439420325,324000000.0
0.15482187137900771,328000000.0,0.15379220091391277,328000000.0
0.15687873922481765,332000000.0,0.1558494666790451,332000000.0
0.15893471503921042,336000000.0,0.15790584028567256,336000000.0
0.16098979986488438,340000000.0,0.15996132219199843,340000000.0
0.16304399570008554,344000000.0,0.16201591395506698,344000000.0
0.16509730523676547,348000000.0,0.16406961795223074,348000000.0
0.16714973163246594,352000000.0,0.16612243713624153,352000000.0
0.1702267228692831,358000000.0,0.1681743748239053,356000000.0
0.1722769566099389,362000000.0,0.17022543451743344,360000000.0
0.17432631939768495,366000000.0,0.17227561975694394,364000000.0
0.17535067521968362,368000000.0,0.17432493400204985,368000000.0
0.17842244501665272,374000000.0,0.17637338054014773,372000000.0
0.180469213652648,378000000.0,0.17842096241874383,376000000.0
0.1825151228710178,382000000.0,0.1804676823990783,380000000.0
0.183537755873453,384000000.0,0.18353615157416225,386000000.0
0.18558237983570836,388000000.0,0.185580726801009,390000000.0
0.1876261490699509,392000000.0,0.1866026937908094,392000000.0
0.1896690649056585,396000000.0,0.18864598740135552,396000000.0
0.1927318407592895,402000000.0,0.19068842814642295,400000000.0
0.19477262713853793,406000000.0,0.19273001694599134,404000000.0
0.1968125627504662,410000000.0,0.19477075448265557,408000000.0
0.19885164790114196,414000000.0,0.19681064123474146,412000000.0
0.20190868135701434,420000000.0,0.19884967751069693,416000000.0
0.20394564088759104,424000000.0,0.20088786348358445,420000000.0
0.20598175017844556,428000000.0,0.20394354826062733,426000000.0
0.2080170091787652,432000000.0,0.20496168473535814,428000000.0
0.21005141783692105,436000000.0,0.2069973199768409,432000000.0
0.21106830327691073,438000000.0,0.20903210489706225,436000000.0
0.2120849761228789,440000000.0,0.21106603945468594,440000000.0
0.21411768404742304,444000000.0,0.21411534685283895,446000000.0
0.21716515167332018,450000000.0,0.2161471555726613,450000000.0
0.21919573414562787,454000000.0,0.2181781141414283,454000000.0
0.22021070668766463,456000000.0,0.22020822277801066,458000000.0
0.22224001458747367,460000000.0,0.22325179280362084,464000000.0
0.22426847324749,464000000.0,0.22527977814777822,468000000.0
0.22629608315707594,468000000.0,0.2273069150342244,472000000.0
0.2283228448997896,472000000.0,0.23034603091254624,478000000.0
0.23034875915199882,476000000.0,0.23237104961742983,482000000.0
0.23237382668003015,480000000.0,0.23439522246776257,486000000.0
0.23439804833614453,484000000.0,0.23641855039797433,490000000.0
0.236421425053571,488000000.0,0.23844103441775433,494000000.0
0.23844395784085615,492000000.0,0.2414731804926289,500000000.0
0.2404656477757401,496000000.0,0.2434935595916472,504000000.0
0.24349660484027513,502000000.0,0.24652255387111888,510000000.0
0.24551619275528713,506000000.0,0.2485408356786567,514000000.0
0.24753494204185733,510000000.0,0.2505582808610711,518000000.0
0.24955285400961813,514000000.0,0.2525748907787122,522000000.0
0.25156993000284,518000000.0,0.2545906668185416,526000000.0
0.25459397955162144,524000000.0,0.2576127704441076,532000000.0
0.25660897166912644,528000000.0,0.2596264679905076,536000000.0
0.2586231327154258,532000000.0,0.2606330058437356,538000000.0
0.2606364641301382,536000000.0,0.2636513779050169,544000000.0
0.26264896736359145,540000000.0,0.2656625931905925,548000000.0
0.26566617256567593,546000000.0,0.26767298398279005,552000000.0
0.2676766117384699,550000000.0,0.26867787065327375,554000000.0
0.2696862278559986,554000000.0,0.27068702746316387,558000000.0
0.2716950223903716,558000000.0,0.27269536345977663,562000000.0
0.27470667694769135,564000000.0,0.27470288011810506,566000000.0
0.27671342397464604,568000000.0,0.2767095789143803,570000000.0
0.27871935458227837,572000000.0,0.27771262207593317,572000000.0
0.28172672294296586,578000000.0,0.27871546132619285,574000000.0
0.28373061897729057,582000000.0,0.28072052883286425,578000000.0
0.284732262689531,584000000.0,0.2837266053876246,584000000.0
0.2877359788414564,590000000.0,0.28572964212056373,588000000.0
0.2897374456579258,594000000.0,0.28673085675465204,590000000.0
0.2917381057320503,598000000.0,0.2877318691495323,592000000.0
0.2927381337124251,600000000.0,0.28973328797108255,596000000.0
0.29473758650793647,604000000.0,0.29173390008838807,600000000.0
0.29673623635441704,608000000.0,0.29473330900147676,606000000.0
0.29973270895559834,614000000.0,0.29573271026294545,608000000.0
0.3017293581709004,618000000.0,0.29673191098836016,610000000.0
0.3037252098631722,622000000.0,0.2987297116008185,614000000.0
0.3057202656129414,626000000.0,0.3007267123859676,618000000.0
0.3077145270158881,630000000.0,0.30372071730352124,624000000.0
0.31070443325003305,636000000.0,0.3047183207277375,626000000.0
0.3136925613443684,642000000.0,0.3057157253753773,628000000.0
0.31568366164661255,646000000.0,0.30770993914188294,632000000.0
0.31767397583333423,650000000.0,0.3097033602150603,636000000.0
0.31966350560536494,654000000.0,0.31169599022362204,640000000.0
0.32165225268268616,658000000.0,0.3136878308136195,644000000.0
0.32463390955636706,664000000.0,0.315678883649015,648000000.0
0.32662070754968386,668000000.0,0.3176691504121689,652000000.0
0.3286067290222099,672000000.0,0.319658632804249,656000000.0
0.3305919757824065,676000000.0,0.3216473325455662,660000000.0
0.33257644965855393,680000000.0,0.32363525137583293,664000000.0
0.3345601524987094,684000000.0,0.3256223910543605,668000000.0
0.33753426515750196,690000000.0,0.327608753360189,672000000.0
0.3395160486218196,694000000.0,0.3305868431855066,678000000.0
0.34149706767252175,698000000.0,0.3315791530689367,680000000.0
0.34347732424512856,702000000.0,0.33455492577014656,686000000.0
0.3454568202941122,706000000.0,0.3365378124453384,690000000.0
0.34644628373814523,708000000.0,0.3385199318860277,694000000.0
0.3484246427072426,712000000.0,0.3405012859992045,698000000.0
0.3504022461203591,716000000.0,0.3414916766591749,700000000.0
0.35237909599653916,720000000.0,0.3434718863987136,704000000.0
0.355342962389781,726000000.0,0.346440775730926,710000000.0
0.35633054330368497,728000000.0,0.34841908798569765,714000000.0
0.3583051448614585,732000000.0,0.3494079606717735,716000000.0
0.3612656504486367,738000000.0,0.35138514042053215,720000000.0
0.3632383927517506,742000000.0,0.3533615676968549,724000000.0
0.3642244862745785,744000000.0,0.35533724454681126,728000000.0
0.3661961194027561,748000000.0,0.35731217303404517,732000000.0
0.36816701577288447,752000000.0,0.35928635523955066,736000000.0
0.3711219836634947,758000000.0,0.36224623386384325,742000000.0
0.3730910476783391,762000000.0,0.36421855958126015,746000000.0
0.37407530614026374,764000000.0,0.3661901464339339,750000000.0
0.3770269906832735,770000000.0,0.36717566345924535,752000000.0
0.3789938741451486,774000000.0,0.36914614606322615,756000000.0
0.38096003525365285,778000000.0,0.3711158952239826,760000000.0
0.38194284563556824,780000000.0,0.3740691485687675,766000000.0
0.38292547628326323,782000000.0,0.37603707376679685,770000000.0
0.385872292692663,788000000.0,0.3770207640933294,772000000.0
0.3878359435756984,792000000.0,0.3789876016062599,776000000.0
0.3897988824599956,796000000.0,0.38193650426869885,782000000.0
0.3907800856340433,798000000.0,0.3839015402950925,786000000.0
0.3937226336169992,804000000.0,0.38488378944384705,788000000.0
0.3956834506192286,808000000.0,0.38684775145547556,792000000.0
0.3976435650816619,812000000.0,0.38881100035425,796000000.0
0.3996029794060445,816000000.0,0.3907735384752682,800000000.0
0.40156169600883995,820000000.0,0.392735368168565,804000000.0
0.40351971732119374,824000000.0,0.3946964917990483,808000000.0
0.4054770457888992,828000000.0,0.3966569117464487,812000000.0
0.40743368387236956,832000000.0,0.3986166304052743,816000000.0
0.4084117447928852,834000000.0,0.4015548987516686,822000000.0
0.4103673519451836,838000000.0,0.4025339735088611,824000000.0
0.4132994806401902,844000000.0,0.4044916028161598,828000000.0
0.41525338208226525,848000000.0,0.4064485405598921,832000000.0
0.4172066056605175,852000000.0,0.4093826558961742,838000000.0
0.4191591539225259,856000000.0,0.4113378755596351,842000000.0
0.42208671570595246,862000000.0,0.41231522916086893,844000000.0
0.42403758691773685,866000000.0,0.4142694254742856,848000000.0
0.4259877918433821,870000000.0,0.4162229427087971,852000000.0
0.4279373330952594,874000000.0,0.4181757834048634,856000000.0
0.42988621330006405,878000000.0,0.42012795011739534,860000000.0
0.43280829992506664,884000000.0,0.4220794454157346,864000000.0
0.4347555390976927,888000000.0,0.4240302718836242,868000000.0
0.4376751766820015,894000000.0,0.42598043211918446,872000000.0
0.4396207915509569,898000000.0,0.42792992873488567,876000000.0
0.44156576143198745,902000000.0,0.4298787643575177,880000000.0
0.4435100890511139,906000000.0,0.4318269416281635,884000000.0
0.44545377714839507,910000000.0,0.43377446320216206,888000000.0
0.44739682847788,914000000.0,0.4357213317490811,892000000.0
0.44933924580756957,918000000.0,0.4376675499526761,896000000.0
0.4512810319193634,922000000.0,0.43961312051086,900000000.0
0.4522516891416841,924000000.0,0.4415580461356594,904000000.0
0.4532221896090185,926000000.0,0.44350232955317725,908000000.0
0.4551627216860932,930000000.0,0.44544597350355275,912000000.0
0.4571026309739019,934000000.0,0.44738898074091393,916000000.0
0.46001133338545097,940000000.0,0.44933135403333724,920000000.0
0.46098059254344026,942000000.0,0.45127309616279687,924000000.0
0.461949698141888,944000000.0,0.4541845320460798,930000000.0
0.4638874500982082,948000000.0,0.4551546981299417,932000000.0
0.466792935346104,954000000.0,0.45709456360064005,936000000.0
0.468729167951476,958000000.0,0.4590338091743016,940000000.0
0.46969705807922946,960000000.0,0.46097243770165885,944000000.0
0.4716323878149291,964000000.0,0.46291045204703796,948000000.0
0.4745342616340067,970000000.0,0.4648478550883044,952000000.0
0.47646810129914696,974000000.0,0.4667846497168071,956000000.0
0.47840135012379914,978000000.0,0.4687208388373221,960000000.0
0.480334011092026,982000000.0,0.47065642536799324,964000000.0
0.48323190687321826,988000000.0,0.4725914122402788,968000000.0
0.4851631113409067,992000000.0,0.47452580239888764,972000000.0
0.4870937384984688,996000000.0,0.47645959880172173,976000000.0
0.4880588365361227,998000000.0,0.4783928044198187,980000000.0
0.4899886034364913,1002000000.0,0.48129151165688233,986000000.0
0.4919178006559499,1006000000.0,0.48418890647179147,992000000.0
0.4938464312683677,1010000000.0,0.4861197789218674,996000000.0
0.49577449836019793,1014000000.0,0.48805007563727765,1000000000.0
0.4977020050304124,1018000000.0,0.48997979966658445,1004000000.0
0.4996289543904431,1022000000.0,0.4919089540710577,1008000000.0
0.5015553495641152,1026000000.0,0.4938375419246084,1012000000.0
0.5034811936875849,1030000000.0,0.4957655663137315,1016000000.0
0.5044439100889,1032000000.0,0.49865655318410695,1022000000.0
0.5063689335441826,1036000000.0,0.5005831824975644,1026000000.0
0.5082934138431932,1040000000.0,0.5015462897468601,1028000000.0
0.5102173541647517,1044000000.0,0.5025092592474896,1030000000.0
0.5121407576997221,1048000000.0,0.5044347865762129,1034000000.0
0.5131022591726611,1050000000.0,0.5053973451929501,1036000000.0
0.5159859672332088,1056000000.0,0.5073220543084886,1040000000.0
0.5179077796731049,1060000000.0,0.5092462219120417,1044000000.0
0.5198290682090483,1064000000.0,0.5111698511884821,1048000000.0
0.5217498360911654,1068000000.0,0.5130929453346948,1052000000.0
0.5246300188267474,1074000000.0,0.515015507559514,1056000000.0
0.5265494993699553,1078000000.0,0.5169375410836539,1060000000.0
0.5294277664905915,1084000000.0,0.5188590491396501,1064000000.0
0.530386936197436,1086000000.0,0.5207800349717902,1068000000.0
0.5323048990972108,1090000000.0,0.5227005018360504,1072000000.0
0.5351809084012187,1096000000.0,0.5246204530000309,1076000000.0
0.5370976294424588,1100000000.0,0.5265398917428894,1080000000.0
0.5390138595977101,1104000000.0,0.5284588213552754,1084000000.0
0.5418872917805135,1110000000.0,0.530377245139265,1088000000.0
0.5438023094611117,1114000000.0,0.5322951664082938,1092000000.0
0.5457168480766903,1118000000.0,0.5342125884870881,1096000000.0
0.5476309110291386,1122000000.0,0.5361295147116021,1100000000.0
0.5495445017310945,1126000000.0,0.5380459484289473,1104000000.0
0.551457623605875,1130000000.0,0.5399618929973258,1108000000.0
0.5533702800874041,1134000000.0,0.541877351785963,1112000000.0
0.5562383997349798,1140000000.0,0.5437923281750381,1116000000.0
0.5581499078257846,1144000000.0,0.5457068255556159,1120000000.0
0.5610163211268522,1150000000.0,0.5476208473295787,1124000000.0
0.5629267025173439,1154000000.0,0.5504909956961659,1130000000.0
0.5648366393369404,1158000000.0,0.5524038434071792,1134000000.0
0.565791442127944,1160000000.0,0.5543162275023383,1138000000.0
0.5686551932982375,1166000000.0,0.5571839419144058,1144000000.0
0.5705638174823475,1170000000.0,0.559095182085128,1148000000.0
0.5724720111802317,1174000000.0,0.5600506326416901,1150000000.0
0.5734259477045467,1176000000.0,0.5619611968742966,1154000000.0
0.5753335023246704,1180000000.0,0.5638713148430945,1158000000.0
0.5772406353415134,1184000000.0,0.565780990049209,1162000000.0
0.5781940448639835,1186000000.0,0.5676902260038341,1166000000.0
0.5801005521728086,1190000000.0,0.5686446803618219,1168000000.0
0.5820066468214566,1194000000.0,0.5705532640445496,1172000000.0
0.5839123324037501,1198000000.0,0.573415333620217,1178000000.0
0.5858176125228685,1202000000.0,0.5753228478796433,1182000000.0
0.5867701016622728,1204000000.0,0.5762764467063066,1184000000.0
0.5886747803628833,1208000000.0,0.5781833299833226,1188000000.0
0.5905790626487195,1212000000.0,0.580089797071957,1192000000.0
0.5924829521551187,1216000000.0,0.5819958515565626,1196000000.0
0.5953380579277288,1222000000.0,0.5839014970309289,1200000000.0
0.5972409814490813,1226000000.0,0.5858067370982005,1204000000.0
0.5991435249851311,1230000000.0,0.5877115753708075,1208000000.0
0.6010456922111542,1234000000.0,0.5896160154703827,1212000000.0
0.6038982455298396,1240000000.0,0.5915200610276878,1216000000.0
0.6057994881167477,1244000000.0,0.5934237156825342,1220000000.0
0.6077003673247532,1248000000.0,0.5953269830837051,1224000000.0
0.610551012927111,1254000000.0,0.597229866888878,1228000000.0
0.6124509999530332,1258000000.0,0.5991323707645453,1232000000.0
0.6143506366338136,1262000000.0,0.6010344983859355,1236000000.0
0.6162499267117534,1266000000.0,0.6029362534369356,1240000000.0
0.6181488739371641,1270000000.0,0.6048376396100079,1244000000.0
0.6200474820682929,1274000000.0,0.6067386606061156,1248000000.0
0.6228947667036628,1280000000.0,0.6086393201346358,1252000000.0
0.6247925435927177,1284000000.0,0.610539621913285,1256000000.0
0.6266899946026228,1288000000.0,0.6124395696680356,1260000000.0
0.6295355683931341,1294000000.0,0.6152888356760151,1266000000.0
0.6314322213155195,1298000000.0,0.6171879147256001,1270000000.0
0.633328561666501,1302000000.0,0.6190866528560366,1274000000.0
0.6352245932647986,1306000000.0,0.6200358952519314,1276000000.0
0.6371203199363173,1310000000.0,0.6219341290600653,1280000000.0
0.6390157455140604,1314000000.0,0.6247808593926165,1286000000.0
0.640910873838044,1318000000.0,0.6266782715453236,1290000000.0
0.6418583277317782,1320000000.0,0.627626856622594,1292000000.0
0.6437530173902868,1324000000.0,0.6304721335571672,1298000000.0
0.646594513791023,1330000000.0,0.6323685910243513,1302000000.0
0.6484884916374276,1334000000.0,0.6342647378833135,1306000000.0
0.6503821915323758,1338000000.0,0.6361605779563049,1310000000.0
0.6513289384603973,1340000000.0,0.6390037712208239,1316000000.0
0.6532222287057383,1344000000.0,0.6408988610978876,1320000000.0
0.6551152507123801,1348000000.0,0.6427936576225317,1324000000.0
0.657008008376498,1352000000.0,0.6446881646484677,1328000000.0
0.6589005056004602,1356000000.0,0.6456353108055541,1330000000.0
0.6607927462927479,1360000000.0,0.6475293908238928,1334000000.0
0.663630634898881,1366000000.0,0.650369987371973,1340000000.0
0.6655222514008727,1370000000.0,0.6522633750740336,1344000000.0
0.667413625097705,1374000000.0,0.6532099673829554,1346000000.0
0.6683592221236165,1376000000.0,0.6551029513486997,1350000000.0
0.670250238992375,1380000000.0,0.6569956710257059,1354000000.0
0.6721410229036966,1384000000.0,0.6588881303162561,1358000000.0
0.6740315778063581,1388000000.0,0.6617263395787316,1364000000.0
0.6759219076545384,1392000000.0,0.6636181650154982,1368000000.0
0.6768669894203341,1394000000.0,0.6655097437713233,1372000000.0
0.6797019080306477,1400000000.0,0.6674010797752827,1376000000.0
0.6815915864931426,1404000000.0,0.669292176962164,1380000000.0
0.6834810557701103,1408000000.0,0.6702376372303616,1382000000.0
0.6844257132075326,1410000000.0,0.6721283835816307,1386000000.0
0.686314876169948,1414000000.0,0.6740189009772011,1390000000.0
0.6891482483105658,1420000000.0,0.6759091933711532,1394000000.0
0.691036920692103,1424000000.0,0.6787442187466493,1400000000.0
0.6929254038350967,1428000000.0,0.6806339659703,1404000000.0
0.6938695756929869,1430000000.0,0.6825235020728604,1408000000.0
0.6957577824856691,1434000000.0,0.6853574190763019,1414000000.0
0.6976458100562124,1438000000.0,0.6872464447874487,1418000000.0
0.6995336624187369,1442000000.0,0.6891352733192604,1422000000.0
0.7014213435915475,1446000000.0,0.6910239086657994,1426000000.0
0.7023651212386506,1448000000.0,0.6929123548257219,1430000000.0
0.7042525531701314,1452000000.0,0.6948006158021816,1434000000.0
0.7061398239753536,1456000000.0,0.6957446780988068,1436000000.0
0.7080269376865358,1460000000.0,0.6966886956027434,1438000000.0
0.7099138983396669,1464000000.0,0.6985765982392915,1442000000.0
0.7108573225317181,1466000000.0,0.7004643277279357,1446000000.0
0.7127440611732698,1470000000.0,0.7023518880889221,1450000000.0
0.7146306568626266,1474000000.0,0.704239283346539,1454000000.0
0.7165171136482407,1478000000.0,0.7061265175290292,1458000000.0
0.7184034355819167,1482000000.0,0.7089570756081547,1464000000.0
0.7193465472463614,1484000000.0,0.7108439247514866,1468000000.0
0.7212326745063713,1488000000.0,0.712730626948328,1472000000.0
0.7231186770580149,1492000000.0,0.7136739242057057,1474000000.0
0.7250045589640997,1496000000.0,0.7155604135680513,1478000000.0
0.7268903242903662,1500000000.0,0.7174467661025474,1482000000.0
0.7278331645073912,1502000000.0,0.7193329858625161,1486000000.0
0.7297187625933832,1506000000.0,0.7212190769044917,1490000000.0
0.7316042542761316,1510000000.0,0.7240479810025393,1496000000.0
0.7344323012095235,1516000000.0,0.7259337680171076,1500000000.0
0.7353749347355043,1518000000.0,0.7278194405355021,1504000000.0
0.736317544718954,1520000000.0,0.7297050026275591,1508000000.0
0.7382026960993855,1524000000.0,0.7315904583658117,1512000000.0
0.7400877594344717,1528000000.0,0.7334758118254001,1516000000.0
0.7419727388100532,1532000000.0,0.7353610670839745,1520000000.0
0.7438576383140592,1536000000.0,0.7372462282216041,1524000000.0
0.7466848467580935,1542000000.0,0.7381887747707241,1526000000.0
0.7485695644807095,1546000000.0,0.7400738023821223,1530000000.0
0.7504542166545929,1550000000.0,0.7419587460827071,1534000000.0
0.7523388073759087,1554000000.0,0.7447860132433974,1540000000.0
0.7542233407423886,1558000000.0,0.7466707650553666,1544000000.0
0.7561078208532432,1562000000.0,0.7485554472723042,1548000000.0
0.7589344501356199,1568000000.0,0.7504400639885658,1552000000.0
0.7608188150502762,1572000000.0,0.7523246193001727,1556000000.0
0.7617609826642817,1574000000.0,0.7542091173047112,1560000000.0
0.7636452907709135,1578000000.0,0.7551513460977328,1562000000.0
0.7655295661367787,1582000000.0,0.757977957790219,1568000000.0
0.7674138128679462,1586000000.0,0.7598623084733571,1572000000.0
0.7692980350712983,1590000000.0,0.7617466182535786,1576000000.0
0.771182236854433,1594000000.0,0.7636308912348948,1580000000.0
0.7730664223255679,1598000000.0,0.764573015208744,1582000000.0
0.7749505955934493,1602000000.0,0.7664572406888892,1586000000.0
0.777776841603087,1608000000.0,0.7683414396343298,1590000000.0
0.7796610023411885,1612000000.0,0.7702256161521652,1594000000.0
0.7815451652594123,1616000000.0,0.7721097743501586,1598000000.0
0.7834293344676966,1620000000.0,0.7730518478630515,1600000000.0
0.7862556090644506,1626000000.0,0.7758780522204565,1606000000.0
0.7881398119786347,1630000000.0,0.7777621801107735,1610000000.0
0.7900240355670491,1634000000.0,0.7796463061170895,1614000000.0
0.7909661563982331,1636000000.0,0.780588369698016,1616000000.0
0.7928504187026117,1640000000.0,0.7824725005840087,1620000000.0
0.7947347119533896,1644000000.0,0.7852987139291949,1626000000.0
0.7966190402585229,1648000000.0,0.7871828734967772,1630000000.0
0.7985034077253044,1652000000.0,0.7890670517287677,1634000000.0
0.8003878184602686,1656000000.0,0.7900091491280579,1636000000.0
0.8032145246714784,1662000000.0,0.7918933630613174,1640000000.0
0.8050990615371525,1666000000.0,0.7937776059312731,1644000000.0
0.8069836560365355,1670000000.0,0.7966040334787854,1650000000.0
0.80981066482147,1676000000.0,0.7975461949130027,1652000000.0
0.8116954213483059,1680000000.0,0.7994305492390033,1656000000.0
0.8135802498598452,1684000000.0,0.8013149489299649,1660000000.0
0.8154651544531353,1688000000.0,0.803199398090936,1664000000.0
0.817350139223608,1692000000.0,0.8050839008259683,1668000000.0
0.819235208264991,1696000000.0,0.8069684612380223,1672000000.0
0.820177775666072,1698000000.0,0.8088530834288701,1676000000.0
0.8220629787855849,1702000000.0,0.8107377714990034,1680000000.0
0.8239482764022292,1706000000.0,0.8126225295475367,1684000000.0
0.8267764089490552,1712000000.0,0.8145073616721112,1688000000.0
0.8286619606844758,1716000000.0,0.8163922719688053,1692000000.0
0.829604777094223,1718000000.0,0.8182772645320324,1696000000.0
0.8314904935476246,1722000000.0,0.8201623434544536,1700000000.0
0.834319284957405,1728000000.0,0.8220475128268756,1704000000.0
0.83620529632605,1732000000.0,0.8239327767381637,1708000000.0
0.8371483486660574,1734000000.0,0.8258181392751407,1712000000.0
0.8380914327881466,1736000000.0,0.8286463769384276,1718000000.0
0.8399776984124019,1740000000.0,0.8305320039052488,1722000000.0
0.841864097264688,1744000000.0,0.8314748594758763,1724000000.0
0.8437506334079417,1748000000.0,0.8333606573397603,1728000000.0
0.8456373109020743,1752000000.0,0.8352465742295605,1732000000.0
0.8475241338038799,1756000000.0,0.8371326142178828,1736000000.0
0.8494111061669365,1760000000.0,0.8390187813746377,1740000000.0
0.8512982320415188,1764000000.0,0.84090507976694,1744000000.0
0.8531855154745007,1768000000.0,0.8427915134590203,1748000000.0
0.8541292175390875,1770000000.0,0.8446780865121268,1752000000.0
0.8550729605092653,1772000000.0,0.8475082162701097,1758000000.0
0.8569605711856094,1776000000.0,0.8484516669309596,1760000000.0
0.8588483515396517,1780000000.0,0.8503386824034438,1764000000.0
0.8616803490361105,1786000000.0,0.8522258534502862,1768000000.0
0.8626244374063661,1788000000.0,0.8541131841164349,1772000000.0
0.8645127509720543,1792000000.0,0.8560006784433027,1776000000.0
0.8664012503212901,1796000000.0,0.8578883404686657,1780000000.0
0.8692343564738931,1802000000.0,0.8597761742265781,1784000000.0
0.8711233378442205,1806000000.0,0.8616641837472767,1788000000.0
0.8730125190365854,1810000000.0,0.8635523730570873,1792000000.0
0.8749019040521202,1814000000.0,0.8654407461783356,1796000000.0
0.8767914968874053,1818000000.0,0.8673293071292503,1800000000.0
0.8786813015343791,1822000000.0,0.8692180599238766,1804000000.0
0.8796262845334373,1824000000.0,0.8711070085719799,1808000000.0
0.8805713219802436,1826000000.0,0.8729961570789562,1812000000.0
0.8824615622073786,1830000000.0,0.8748855094457424,1816000000.0
0.8843520261932456,1834000000.0,0.8767750696687195,1820000000.0
0.8862427179103003,1838000000.0,0.8786648417396283,1824000000.0
0.8881336413259029,1842000000.0,0.8805548296454719,1828000000.0
0.8890791911590434,1844000000.0,0.8824450373684289,1832000000.0
0.8909704695498943,1848000000.0,0.8843354688857632,1836000000.0
0.8928619895348024,1852000000.0,0.8871715444641377,1842000000.0
0.8947537550625784,1856000000.0,0.8890625528348566,1846000000.0
0.8966457700765353,1860000000.0,0.8909537988803482,1850000000.0
0.8985380385143928,1864000000.0,0.8918995122669764,1852000000.0
0.9004305643081927,1868000000.0,0.8937911222367307,1856000000.0
0.9023233513842093,1872000000.0,0.8956829797561356,1860000000.0
0.9042164036628586,1876000000.0,0.8975750887655156,1864000000.0
0.905163030476678,1878000000.0,0.8994674531995583,1868000000.0
0.9061097250586125,1880000000.0,0.9013600769872285,1872000000.0
0.9080033194799073,1884000000.0,0.9032529640516769,1876000000.0
0.9108442315693592,1890000000.0,0.9051461183101521,1880000000.0
0.9127385256135292,1894000000.0,0.9070395436739149,1884000000.0
0.9136857798890579,1896000000.0,0.908933244048145,1888000000.0
0.9155805053731383,1900000000.0,0.9108272233318582,1892000000.0
0.9174755233313645,1904000000.0,0.9127214854178147,1896000000.0
0.9193708376341316,1908000000.0,0.9146160341924348,1900000000.0
0.9212664521451868,1912000000.0,0.9165108735357079,1904000000.0
0.9222143731844046,1914000000.0,0.9184060073211096,1908000000.0
0.9241104452376692,1918000000.0,0.9203014394155127,1912000000.0
0.9260068271289494,1922000000.0,0.9221971736790988,1916000000.0
0.9279035226980565,1926000000.0,0.9240932139652775,1920000000.0
0.929800535777765,1930000000.0,0.9259895641205942,1924000000.0
0.9307491625798936,1932000000.0,0.9278862279846471,1928000000.0
0.9326466590963669,1936000000.0,0.9297832093900023,1932000000.0
0.9345444826740548,1940000000.0,0.932629285254174,1938000000.0
0.9354935183009836,1942000000.0,0.9335781401192027,1940000000.0
0.9373918396072254,1946000000.0,0.9354760970722471,1944000000.0
0.9392904974794796,1950000000.0,0.9373743868248212,1948000000.0
0.9411894957065421,1954000000.0,0.9392730131730498,1952000000.0
0.9430888380695839,1958000000.0,0.9411719799055152,1956000000.0
0.9449885283420669,1962000000.0,0.9430712908031755,1960000000.0
0.9468885702896617,1966000000.0,0.9449709496392784,1964000000.0
0.9478387243162474,1968000000.0,0.946870960179282,1968000000.0
0.9497393008198927,1972000000.0,0.9487713261807671,1972000000.0
0.9516402383781934,1976000000.0,0.9506720513933562,1976000000.0
0.9535415407288954,1980000000.0,0.9525731395586345,1980000000.0
0.9554432116015823,1984000000.0,0.9544745944100614,1984000000.0
0.9573452547175934,1988000000.0,0.9563764196728943,1988000000.0
0.9592476737899398,1992000000.0,0.9582786190641035,1992000000.0
0.962102015418095,1998000000.0,0.9601811962922935,1996000000.0
0.9640053905703376,2002000000.0,0.9620841550576178,2000000000.0
0.9649572237485233,2004000000.0,0.9639874990517026,2004000000.0
0.9668611836069765,2008000000.0,0.9658912319575657,2008000000.0
0.9687655378591011,2012000000.0,0.9677953574495328,2012000000.0
0.9706702901662587,2016000000.0,0.969699879193163,2016000000.0
0.97257544418092,2020000000.0,0.971604800845165,2020000000.0
0.9744810035465905,2024000000.0,0.9735101260533194,2024000000.0
0.9773401105761219,2030000000.0,0.9754158584564014,2028000000.0
0.9792466992000888,2034000000.0,0.9773220016840991,2032000000.0
0.9811537058555775,2038000000.0,0.9792285593569376,2036000000.0
0.9821073670711913,2040000000.0,0.9811355350862012,2040000000.0
0.9840150075251222,2044000000.0,0.9830429324738543,2044000000.0
0.9859230749983872,2048000000.0,0.9849507551124641,2048000000.0
0.9878315730695344,2052000000.0,0.9868590065851239,2052000000.0
0.9897405053075206,2056000000.0,0.9897221956724569,2058000000.0
0.9916498752716398,2060000000.0,0.9916315348434193,2062000000.0
0.9935596865114471,2064000000.0,0.9935413153135553,2066000000.0
0.995469942566678,2068000000.0,0.9954515406223821,2070000000.0
0.9973806469671813,2072000000.0,0.9973622142995304,2074000000.0
0.999291803232838,2076000000.0,0.9992733398646618,2078000000.0
1.0012034148734896,2080000000.0,1.002140883176864,2084000000.0
1.003115485388863,2084000000.0,1.0040531537944077,2088000000.0
1.0050280182684963,2088000000.0,1.0059658885392042,2092000000.0
1.006941016991668,2092000000.0,1.0078790908851532,2096000000.0
1.0088544850273196,2096000000.0,1.0097927642957836,2100000000.0
1.0107684258339877,2100000000.0,1.0107497787298545,2102000000.0
1.0126828428597276,2104000000.0,1.0126641652087618,2106000000.0
1.0145977395420434,2108000000.0,1.0145790313653258,2110000000.0
1.0165131193078167,2112000000.0,1.017452237488682,2116000000.0
1.0184289855732325,2116000000.0,1.0193683178076243,2120000000.0
1.0203453417437136,2120000000.0,1.0203265421140442,2122000000.0
1.022262191213843,2124000000.0,1.022243361140562,2126000000.0
1.0241795373673006,2128000000.0,1.024160676870395,2130000000.0
1.0260973835767886,2132000000.0,1.0260784926760285,2134000000.0
1.0289750978466627,2138000000.0,1.0279968119188991,2138000000.0
1.030894208879141,2142000000.0,1.0289561613767115,2140000000.0
1.03281383168467,2146000000.0,1.030875242053805,2144000000.0
1.0337738360410391,2148000000.0,1.0327948345229543,2148000000.0
1.035694232732204,2152000000.0,1.0347149421063992,2152000000.0
1.0376151494812502,2156000000.0,1.0366355681150212,2156000000.0
1.0395365895821236,2160000000.0,1.0385567158482854,2160000000.0
1.041458556317247,2164000000.0,1.0404783885941655,2164000000.0
1.0433810529574585,2168000000.0,1.0424005896290827,2168000000.0
1.0453040827619398,2172000000.0,1.0443233222178372,2172000000.0
1.0472276489781556,2176000000.0,1.0462465896135424,2176000000.0
1.0491517548417844,2180000000.0,1.0481703950575612,2180000000.0
1.051076403576654,2184000000.0,1.0500947417794366,2184000000.0
1.0530015983946814,2188000000.0,1.0520196329968323,2188000000.0
1.0549273424958021,2192000000.0,1.0539450719154662,2192000000.0
1.0568536390679117,2196000000.0,1.0558710617290452,2196000000.0
1.0587804912868006,2200000000.0,1.057797605619204,2200000000.0
1.0607079023160901,2204000000.0,1.0597247067554383,2204000000.0
1.0626358753071732,2208000000.0,1.0616523682950483,2208000000.0
1.0645644133991472,2212000000.0,1.0635805933830698,2212000000.0
1.0664935197187586,2216000000.0,1.0655093851522164,2216000000.0
1.0684231973803358,2220000000.0,1.0674387467228175,2220000000.0
1.0703534494857325,2224000000.0,1.0693686812027559,2224000000.0
1.0722842791242644,2228000000.0,1.0712991916874084,2228000000.0
1.0742156893726498,2232000000.0,1.073230281259585,2232000000.0
1.076147683294952,2236000000.0,1.0751619529894687,2236000000.0
1.0780802639425162,2240000000.0,1.077094209934557,2240000000.0
1.0800134343539156,2244000000.0,1.0790270551396022,2244000000.0
1.081947197554888,2248000000.0,1.0809604916365538,2248000000.0
1.0838815565582807,2252000000.0,1.082894522444497,2252000000.0
1.0858165143639944,2256000000.0,1.0848291505696004,2256000000.0
1.08775207395892,2260000000.0,1.0867643790050527,2260000000.0
1.0896882383168904,2264000000.0,1.0887002107310098,2264000000.0
1.0916250103986158,2268000000.0,1.0906366487145385,2268000000.0
1.0945313144473685,2274000000.0,1.092573695909556,2272000000.0
1.0964696187050014,2278000000.0,1.0945113552567802,2276000000.0
1.0984085409447673,2282000000.0,1.0974189984631817,2282000000.0
1.1003480840676563,2286000000.0,1.0993582009694203,2286000000.0
1.1022882509612377,2290000000.0,1.1012980258156118,2290000000.0
1.103258569220721,2292000000.0,1.1032384758823852,2294000000.0
1.105199677155046,2296000000.0,1.1061503295392736,2300000000.0
1.1071414160199198,2300000000.0,1.1071212631326346,2302000000.0
1.1090837886555205,2304000000.0,1.1090636060096521,2306000000.0
1.1110267978883654,2308000000.0,1.1110065854942284,2310000000.0
1.1129704465312633,2312000000.0,1.112950204398964,2314000000.0
1.114914737383259,2316000000.0,1.1148944655226956,2318000000.0
1.1168596732295866,2320000000.0,1.1158668377875456,2320000000.0
1.1197782924220205,2326000000.0,1.117812067457364,2324000000.0
1.1207514909768075,2328000000.0,1.1197579462827347,2328000000.0
1.1226983783786557,2332000000.0,1.1217044770139335,2332000000.0
1.124645921776645,2336000000.0,1.123651662387251,2336000000.0
1.1265941238862003,2340000000.0,1.1255995051249417,2340000000.0
1.1285429874086392,2344000000.0,1.1275480079351774,2344000000.0
1.1304925150311216,2348000000.0,1.129497173511997,2348000000.0
1.132442709426606,2352000000.0,1.131447004535262,2352000000.0
1.134393573253801,2356000000.0,1.133397503670607,2356000000.0
1.1363451091571188,2360000000.0,1.1353486735693923,2360000000.0
1.1382973197666293,2364000000.0,1.1373005168686636,2364000000.0
1.140250207698013,2368000000.0,1.1392530361910973,2368000000.0
1.1431808152598792,2374000000.0,1.1412062341449634,2372000000.0
1.1451354078447338,2378000000.0,1.1431601133240759,2376000000.0
1.1470906867923998,2382000000.0,1.1451146763077484,2380000000.0
1.1480685844498533,2384000000.0,1.147069925660754,2384000000.0
1.1500248977191379,2388000000.0,1.1490258639332769,2388000000.0
1.151981903699752,2392000000.0,1.150982493660873,2392000000.0
1.1539396049054247,2396000000.0,1.153918740240936,2398000000.0
1.1558980038351505,2400000000.0,1.1558771096028755,2402000000.0
1.158836915892509,2406000000.0,1.1578361791785077,2406000000.0
1.160797069968384,2410000000.0,1.158815977318664,2408000000.0
1.1627579303981457,2414000000.0,1.1607761018399443,2412000000.0
1.1647194996139678,2418000000.0,1.1637176138052263,2418000000.0
1.1657005507726166,2420000000.0,1.1656795087788376,2422000000.0
1.167663187695121,2424000000.0,1.16764211616315,2426000000.0
1.1706084840749105,2430000000.0,1.1696054383526717,2430000000.0
1.1725729124569404,2434000000.0,1.1725517670976444,2436000000.0
1.173555396771897,2436000000.0,1.174516886677261,2440000000.0
1.175520907115712,2440000000.0,1.176482729324051,2444000000.0
1.177487141688358,2444000000.0,1.1784492973644767,2448000000.0
1.179454102808882,2448000000.0,1.181400514589841,2454000000.0
1.1814217927810877,2452000000.0,1.183368906192631,2458000000.0
1.183390213893503,2456000000.0,1.1853380312115527,2462000000.0
1.1853593684193422,2460000000.0,1.1873078919042839,2466000000.0
1.1873292586164714,2464000000.0,1.189278490513121,2470000000.0
1.1892998867273774,2468000000.0,1.1912498292649443,2474000000.0
1.1912712549791276,2472000000.0,1.1932219103711854,2478000000.0
1.1932433655833434,2476000000.0,1.1942082299940529,2480000000.0
1.1952162207361599,2480000000.0,1.1961814287444796,2484000000.0
1.1981769042598738,2486000000.0,1.1981553753100997,2488000000.0
1.2001516302903958,2490000000.0,1.2001300718480166,2492000000.0
1.2021271084336074,2494000000.0,1.2030935275332273,2498000000.0
1.2041033408155757,2498000000.0,1.2050701083367996,2502000000.0
1.2060803295467117,2502000000.0,1.207047446539523,2506000000.0
1.2080580767217413,2506000000.0,1.2090255442280848,2510000000.0
1.2090472353760209,2508000000.0,1.2110044034734426,2514000000.0
1.2110261241101106,2512000000.0,1.2119941193227861,2516000000.0
1.2130057764560824,2516000000.0,1.212984026330795,2518000000.0
1.2149861944535254,2520000000.0,1.214964414839549,2522000000.0
1.216967380126214,2524000000.0,1.2169455710233001,2526000000.0
1.218949335482074,2528000000.0,1.2199187490771553,2532000000.0
1.2209320625131626,2532000000.0,1.2209101944309135,2534000000.0
1.2239076042693378,2538000000.0,1.2219018331975717,2536000000.0
1.2258922690993397,2542000000.0,1.2238856919506094,2540000000.0
1.2268848933397143,2544000000.0,1.225870327288352,2544000000.0
1.2288707266739012,2548000000.0,1.2288487406221753,2550000000.0
1.2308573414045894,2552000000.0,1.2298419354464363,2552000000.0
1.232844739428053,2556000000.0,1.2318289120910255,2556000000.0
1.2348329226245158,2560000000.0,1.233816672968762,2560000000.0
1.2368218928581278,2564000000.0,1.2358052199516631,2564000000.0
1.2388116519769383,2568000000.0,1.2377945548956601,2568000000.0
1.2408022018128797,2572000000.0,1.2397846796405734,2572000000.0
1.2427935441817368,2576000000.0,1.2417755960100956,2576000000.0
1.2447856808831337,2580000000.0,1.2437673058117622,2580000000.0
1.2467786137005041,2584000000.0,1.2457598108369359,2584000000.0
1.2487723444010737,2588000000.0,1.247753112860782,2588000000.0
1.250766874735842,2592000000.0,1.2497472136422467,2592000000.0
1.2527622064395554,2596000000.0,1.2517421149240406,2596000000.0
1.2547583412306964,2600000000.0,1.2537378184326124,2600000000.0
1.256755280811455,2604000000.0,1.2557343258781368,2604000000.0
1.2597522028465349,2610000000.0,1.2577316389544886,2608000000.0
1.2617511617413646,2614000000.0,1.259729759339228,2612000000.0
1.2627509450686345,2616000000.0,1.261728688693581,2616000000.0
1.2647511205033601,2620000000.0,1.2637284286624206,2620000000.0
1.2667521089936886,2624000000.0,1.2657289808742536,2624000000.0
1.2687539121436995,2628000000.0,1.2677303469411956,2628000000.0
1.2717581478241473,2634000000.0,1.2697325284589631,2632000000.0
1.273761994533463,2638000000.0,1.271735527006851,2636000000.0
1.275766661387387,2642000000.0,1.2737393441477214,2640000000.0
1.2777721499160197,2646000000.0,1.2757439814279836,2644000000.0
1.2797784616329833,2650000000.0,1.2777494403775824,2648000000.0
1.2807819266555853,2652000000.0,1.279755722509984,2652000000.0
1.2827894759569975,2656000000.0,1.2817628293221586,2656000000.0
1.284797852158599,2660000000.0,1.283770762294572,2660000000.0
1.2868070567162198,2664000000.0,1.2857795228911675,2664000000.0
1.288817091069153,2668000000.0,1.2877891125593548,2668000000.0
1.2908279566401348,2672000000.0,1.2897995327299996,2672000000.0
1.292839654835341,2676000000.0,1.2918107848174074,2676000000.0
1.2958587663337808,2682000000.0,1.293822870219318,2680000000.0
1.2978725521327528,2686000000.0,1.2958357903168878,2684000000.0
1.298879758979341,2688000000.0,1.297849546474684,2688000000.0
1.300894801401507,2692000000.0,1.2998641400406723,2692000000.0
1.30291068322992,2696000000.0,1.3018795723462069,2696000000.0
1.3059360827128144,2702000000.0,1.3038958447060223,2700000000.0
1.3079540687366755,2706000000.0,1.3059129584182223,2704000000.0
1.309972898666965,2710000000.0,1.307930914764273,2708000000.0
1.31199257375199,2714000000.0,1.3099497150089943,2712000000.0
1.3140130952233955,2718000000.0,1.3119693604005511,2716000000.0
1.3160344642961577,2722000000.0,1.3139898521704483,2720000000.0
1.3170454670581675,2724000000.0,1.3160111915335193,2724000000.0
1.3190681097745616,2728000000.0,1.3180333796879258,2728000000.0
1.3210916030567783,2732000000.0,1.3200564178151457,2732000000.0
1.323115948061401,2736000000.0,1.322080307079971,2736000000.0
1.3251411459283147,2740000000.0,1.3241050486305008,2740000000.0
1.3271671977807076,2744000000.0,1.326130643598137,2744000000.0
1.329194104725059,2748000000.0,1.32815709309758,2748000000.0
1.3312218678511414,2752000000.0,1.3301843982268213,2752000000.0
1.3332504882320149,2756000000.0,1.3322125600671457,2756000000.0
1.3352799669240198,2760000000.0,1.334241579683122,2760000000.0
1.3373103049667838,2764000000.0,1.336271458122603,2764000000.0
1.339341503383209,2768000000.0,1.3383021964167243,2768000000.0
1.3413735631794772,2772000000.0,1.3403337955798986,2772000000.0
1.3444232701209433,2778000000.0,1.3423662566098167,2776000000.0
1.3464574876590976,2782000000.0,1.344399580487444,2780000000.0
1.3484925699670103,2786000000.0,1.3464337681770195,2784000000.0
1.3515468169039737,2792000000.0,1.3484688206260595,2788000000.0
1.3535840651724333,2796000000.0,1.3505047387653506,2792000000.0
1.3556221813956633,2800000000.0,1.3525415235089562,2796000000.0
1.3576611664460345,2804000000.0,1.3545791757542092,2800000000.0
1.3607212749396314,2810000000.0,1.3566176963817225,2804000000.0
1.3627624357647257,2814000000.0,1.358657086255382,2808000000.0
1.3637833430328405,2816000000.0,1.3606973462223526,2812000000.0
1.3658258117810234,2820000000.0,1.3627384771130808,2816000000.0
1.3678691534673812,2824000000.0,1.364780479741293,2820000000.0
1.3699133688639749,2828000000.0,1.3668233549040023,2824000000.0
1.37195845872616,2832000000.0,1.3688671033815099,2828000000.0
1.3729813318133295,2834000000.0,1.370911725937408,2832000000.0
1.3750277347536533,2838000000.0,1.3729572233185872,2836000000.0
1.377075013974888,2842000000.0,1.375003596255234,2840000000.0
1.3791231701739464,2846000000.0,1.3770508454608437,2844000000.0
1.3811722040310568,2850000000.0,1.3790989716322177,2848000000.0
1.3821972186429536,2852000000.0,1.3811479754494749,2852000000.0
1.384282171594014,2856000000.0,1.3832071275148556,2856000000.0
1.3864581022869702,2860000000.0,1.3853319268886715,2860000000.0
1.3887639338278044,2864000000.0,1.3875690943843608,2864000000.0
1.3912262036447833,2868000000.0,1.3899509532117715,2868000000.0
1.3938618285190705,2872000000.0,1.3924989369308802,2872000000.0
1.3966801929028803,2876000000.0,1.395225958308334,2876000000.0
1.39968478693357,2880000000.0,1.3981382596165175,2880000000.0
1.4028745024575708,2884000000.0,1.4012368701127258,2884000000.0
1.4062446677275817,2888000000.0,1.4045187643206498,2888000000.0
1.409787880886233,2892000000.0,1.4079777908578137,2892000000.0
1.4134946870906924,2896000000.0,1.4116054238136773,2896000000.0
1.417354132815218,2900000000.0,1.4153913755185297,2900000000.0
1.42135422248487,2904000000.0,1.4193240997848569,2904000000.0
1.425482296391471,2908000000.0,1.4233912074786716,2908000000.0
1.4297253442611333,2912000000.0,1.4275798109375883,2912000000.0
1.4340702654628106,2916000000.0,1.4318768098097974,2916000000.0
1.4407503540285078,2922000000.0,1.4362691279814443,2920000000.0
1.4430141280551871,2924000000.0,1.4407439091193392,2924000000.0
1.4475882036667476,2928000000.0,1.4452886837322483,2928000000.0
1.4522147504614824,2932000000.0,1.4498915537055765,2932000000.0
1.456882898447729,2936000000.0,1.4545412902001762,2936000000.0
1.4615825105349929,2940000000.0,1.459227379821821,2940000000.0
1.4663042147791727,2944000000.0,1.4639400615057112,2944000000.0
1.4710394262564774,2948000000.0,1.468670353261484,2948000000.0
1.4757803586611473,2952000000.0,1.473410068599962,2952000000.0
1.4805200260926985,2956000000.0,1.4781518229234094,2956000000.0
1.4852522357416906,2960000000.0,1.4828890304682845,2960000000.0
1.4899715723349134,2964000000.0,1.4876158925871574,2964000000.0
1.494673375286955,2968000000.0,1.49232737827541,2968000000.0
1.4993537095435023,2972000000.0,1.4970191979103658,2972000000.0
1.5040093311056122,2976000000.0,1.5016877711914716,2976000000.0
1.508635569235464,2980000000.0,1.5063301902612394,2980000000.0
1.5132116688559116,2984000000.0,1.5109347601121472,2984000000.0
1.5177131723617299,2988000000.0,1.515476439037962,2988000000.0
1.5221193203960857,2992000000.0,1.5199326433045002,2992000000.0
1.5264128823947658,2996000000.0,1.5242844059416907,2996000000.0
1.5305799635256223,3000000000.0,1.5285161947780272,3000000000.0
1.5342311244820324,3004000000.0,1.5324901031947475,3004000000.0
1.5372223562509775,3008000000.0,1.5358131104043884,3008000000.0
1.5395430315239444,3012000000.0,1.5384696446312045,3012000000.0
1.5411916946615585,3016000000.0,1.5404537892614831,3016000000.0
1.5422609509402223,3020000000.0,1.5417883975278341,3020000000.0
1.5429376027586796,3024000000.0,1.542641293353729,3024000000.0
1.5433523740853676,3028000000.0,1.5431738310998773,3028000000.0
1.5435912165837364,3032000000.0,1.5434919608151998,3032000000.0
1.5437032376658912,3036000000.0,1.5436654415564863,3036000000.0
1.5436749108898664,3040000000.0,1.5437102223324022,3040000000.0
1.5434864172574119,3044000000.0,1.5436037429574756,3044000000.0
1.5431253020537414,3048000000.0,1.543330006892337,3048000000.0
1.5425854063018023,3052000000.0,1.5428798420503775,3052000000.0
1.541865846911092,3056000000.0,1.542249854418794,3056000000.0
1.5409700607844319,3060000000.0,1.5414414385987816,3060000000.0
1.539904923764313,3064000000.0,1.5404598582637443,3064000000.0
1.5386799514821456,3068000000.0,1.5393134054360984,3068000000.0
1.5373065859024608,3072000000.0,1.5380126439414314,3072000000.0
1.5357975669417971,3076000000.0,1.5365697393922537,3076000000.0
1.5341663799225636,3080000000.0,1.534997868126776,3080000000.0
1.532426805956037,3084000000.0,1.533310714267841,3084000000.0
1.5305925465847423,3088000000.0,1.5315220620896164,3088000000.0
1.5276925802859922,3094000000.0,1.5296454534599295,3092000000.0
1.5256784293621166,3098000000.0,1.5276939139729109,3096000000.0
1.5236130575640114,3102000000.0,1.5256797421951864,3100000000.0
1.5215068964048992,3106000000.0,1.5236143552978652,3104000000.0
1.5193693292778176,3110000000.0,1.5215081842571112,3108000000.0
1.5172086658226203,3114000000.0,1.5193706118954848,3112000000.0
1.5150321464912575,3118000000.0,1.5172099472690803,3116000000.0
1.5139399178875457,3120000000.0,1.5150334302495088,3120000000.0
1.511750928035402,3124000000.0,1.5128472605761445,3124000000.0
1.5095597424616183,3128000000.0,1.5106566461372766,3128000000.0
1.5073702028561367,3132000000.0,1.508465865756755,3132000000.0
1.5051853341611894,3136000000.0,1.5062783422967283,3136000000.0
1.5030074264558868,3140000000.0,1.5040967224212944,3140000000.0
1.500838118992192,3144000000.0,1.501922959887692,3144000000.0
1.498678483986505,3148000000.0,1.4997583997308621,3148000000.0
1.4965291082227585,3152000000.0,1.4976038611761968,3152000000.0
1.49439017093678,3156000000.0,1.4954597175484867,3156000000.0
1.4922615168248838,3160000000.0,1.493325971838828,3160000000.0
1.490142723350976,3164000000.0,1.491202326943601,3164000000.0
1.4880331618156681,3168000000.0,1.4890882498997793,3168000000.0
1.4859320518991228,3172000000.0,1.486983029709378,3172000000.0
1.4838385095981446,3176000000.0,1.4848858285740798,3176000000.0
1.4817515886499248,3180000000.0,1.4827957265510352,3180000000.0
1.4796703156724704,3184000000.0,1.4807117597952586,3184000000.0
1.4765568779128246,3190000000.0,1.4786329526756719,3188000000.0
1.475520854136938,3192000000.0,1.4765583441440957,3192000000.0
1.4734508187750488,3196000000.0,1.4744870088024906,3196000000.0
1.4713827704177045,3200000000.0,1.4724180731568626,3200000000.0
1.4693159345869518,3204000000.0,1.4703507275697647,3204000000.0
1.4672496116553289,3208000000.0,1.468284234430203,3208000000.0
1.465183180298661,3212000000.0,1.4662179330530978,3212000000.0
1.4631160984104907,3216000000.0,1.4641512418027758,3216000000.0
1.4610479019309985,3220000000.0,1.4620836579088472,3220000000.0
1.4589782020084425,3224000000.0,1.4600147554104477,3224000000.0
1.456906680872903,3228000000.0,1.457944181628036,3228000000.0
1.4548330867619228,3232000000.0,1.4558716525225948,3232000000.0
1.452757228196889,3236000000.0,1.4537969472614058,3236000000.0
1.45067896786869,3240000000.0,1.4517199022689629,3240000000.0
1.4485982163522517,3244000000.0,1.4496404050018494,3244000000.0
1.44651492583266,3248000000.0,1.4475583876484226,3248000000.0
1.4444290839911655,3252000000.0,1.4454738209184477,3252000000.0
1.4423407081678858,3256000000.0,1.4433867080548453,3256000000.0
1.4392034894196897,3262000000.0,1.4412970791697428,3260000000.0
1.4381565398257723,3264000000.0,1.4392049859801803,3264000000.0
1.4360608832139983,3268000000.0,1.437110496995221,3268000000.0
1.4339629557770253,3272000000.0,1.4350136931857556,3272000000.0
1.4318628501377537,3276000000.0,1.4329146641508919,3276000000.0
1.4297606627253998,3280000000.0,1.4308135047803896,3280000000.0
1.427656491155589,3284000000.0,1.428710312400784,3284000000.0
1.4255504320590013,3288000000.0,1.426605184383619,3288000000.0
1.4234425793271743,3292000000.0,1.4244982161871445,3292000000.0
1.421333022739982,3296000000.0,1.42238949979782,3296000000.0
1.4192218469367313,3300000000.0,1.4202791225346658,3300000000.0
1.4171091306917334,3304000000.0,1.418167166177708,3304000000.0
1.4149949464552005,3308000000.0,1.4160537063812284,3308000000.0
1.4128793601212397,3312000000.0,1.4139388123330416,3312000000.0
1.4107624309864404,3316000000.0,1.4118225466223429,3316000000.0
1.4086442118647557,3320000000.0,1.4097049652806768,3320000000.0
1.406524749327041,3324000000.0,1.407586117963001,3324000000.0
1.4044040840365182,3328000000.0,1.4054660482386656,3328000000.0
1.4012209064610293,3334000000.0,1.4033447939650565,3332000000.0
1.400159280793655,3336000000.0,1.4012223877197996,3336000000.0
1.3980351984997106,3340000000.0,1.3990988572704715,3340000000.0
1.3959100257443384,3344000000.0,1.3969742260637967,3344000000.0
1.3937837804161508,3348000000.0,1.3948485137191988,3348000000.0
1.3916564772982603,3352000000.0,1.392721736514274,3352000000.0
1.3895281285237724,3356000000.0,1.390593907852272,3356000000.0
1.387398744002597,3360000000.0,1.3884650387039383,3360000000.0
1.3852683318149004,3364000000.0,1.3863351380181062,3364000000.0
1.3831368985681722,3368000000.0,1.3842042130972194,3368000000.0
1.3810044497163232,3372000000.0,1.382072269935514,3372000000.0
1.3788709898404434,3376000000.0,1.3799393135189115,3376000000.0
1.3767365228918074,3380000000.0,1.3778053480867487,3380000000.0
1.3746010523985408,3384000000.0,1.3756703773563763,3384000000.0
1.37139597214812,3390000000.0,1.3735344047123532,3388000000.0
1.3692580069211115,3394000000.0,1.3713974333624774,3392000000.0
1.3671190493732435,3398000000.0,1.3692594664632791,3396000000.0
1.3649791028259162,3402000000.0,1.3671205072178418,3400000000.0
1.3617673363262588,3408000000.0,1.3649805589489485,3404000000.0
1.3606962569073753,3410000000.0,1.3628396251505759,3408000000.0
1.3585533651505588,3414000000.0,1.3606977095207182,3412000000.0
1.3564094996440592,3418000000.0,1.3585548159784162,3416000000.0
1.3542646647490661,3422000000.0,1.3564109486677003,3420000000.0
1.3521188650303126,3426000000.0,1.3531933314847957,3426000000.0
1.3499721052350182,3430000000.0,1.3510470492780837,3430000000.0
1.3478243902674634,3434000000.0,1.3488998094143576,3434000000.0
1.3456757251608011,3438000000.0,1.347825831910494,3436000000.0
1.3435261150474611,3442000000.0,1.3456771649231891,3440000000.0
1.342450957236955,3444000000.0,1.3435275529170059,3444000000.0
1.3402999393807002,3448000000.0,1.3413770010946835,3448000000.0
1.3381479895889372,3452000000.0,1.3392255146991014,3452000000.0
1.335995113112391,3456000000.0,1.337073098985456,3456000000.0
1.3338413151762025,3460000000.0,1.333842744400156,3462000000.0
1.3316866009577017,3464000000.0,1.3316880282366426,3466000000.0
1.3295309755668892,3468000000.0,1.3295324008936809,3470000000.0
1.3273744440297377,3472000000.0,1.3284542471044016,3472000000.0
1.324137958450203,3478000000.0,1.3262972623869973,3476000000.0
1.3230586821196475,3480000000.0,1.3230601015532453,3482000000.0
1.3208994612672553,3484000000.0,1.3209008787260639,3486000000.0
1.318739353295094,3488000000.0,1.3198209343597234,3488000000.0
1.3165783626537926,3492000000.0,1.3176603825235902,3492000000.0
1.314416493664909,3496000000.0,1.315498950191627,3496000000.0
1.3122537505209886,3500000000.0,1.3122551600418593,3502000000.0
1.3100901372871712,3504000000.0,1.3100915448160682,3506000000.0
1.306843094605025,3510000000.0,1.3079270634388611,3510000000.0
1.3046773231246753,3514000000.0,1.3057617197308153,3514000000.0
1.30359411585555,3516000000.0,1.3035955173969094,3518000000.0
1.3014270604892308,3520000000.0,1.301428460032072,3522000000.0
1.2992591535836517,3524000000.0,1.3003446118078519,3524000000.0
1.2970903985317022,3528000000.0,1.2970917940755098,3530000000.0
1.2949207986350832,3532000000.0,1.2949221921790026,3534000000.0
1.292750357110843,3536000000.0,1.2927517486550237,3538000000.0
1.2905790770978292,3540000000.0,1.2905804666427065,3542000000.0
1.2884069616629787,3544000000.0,1.2884083492092633,3546000000.0
1.2862340138073742,3548000000.0,1.2862353993560425,3550000000.0
1.2840602364719969,3552000000.0,1.2840616200242816,3554000000.0
1.281885632543152,3556000000.0,1.281887014100533,3558000000.0
1.2797102048575195,3560000000.0,1.2807994020550098,3560000000.0
1.277533956206828,3564000000.0,1.2786235615482822,3564000000.0
1.2753568893421354,3568000000.0,1.276446901458919,3568000000.0
1.273179006977721,3572000000.0,1.2742694245193444,3572000000.0
1.2710003117945972,3576000000.0,1.2720911334270002,3576000000.0
1.2688208064436544,3580000000.0,1.2699120308476703,3580000000.0
1.2666404935484619,3584000000.0,1.267732119418452,3584000000.0
1.264459375707736,3588000000.0,1.2655514017503866,3588000000.0
1.2622774554975158,3592000000.0,1.2633698804307798,3592000000.0
1.2600947354730607,3596000000.0,1.261187558025235,3596000000.0
1.257911218170495,3600000000.0,1.2590044370794216,3600000000.0
1.2557269061082437,3604000000.0,1.2568205201206104,3604000000.0
1.2535418017882582,3608000000.0,1.254635809659003,3608000000.0
1.251355907697083,3612000000.0,1.2524503081888736,3612000000.0
1.2491692263067757,3616000000.0,1.250264018189562,3616000000.0
1.2458877334095293,3622000000.0,1.2480769421263225,3620000000.0
1.2447935114491973,3624000000.0,1.2458890824510633,3624000000.0
1.2426044828602394,3628000000.0,1.2437004416029995,3628000000.0
1.2404146767299236,3632000000.0,1.2415110220092185,3632000000.0
1.237128514912694,3638000000.0,1.2393208260851964,3636000000.0
1.2349367754477867,3642000000.0,1.237129856235263,3640000000.0
1.2327442668287203,3646000000.0,1.234938114853037,3644000000.0
1.2305509914288062,3650000000.0,1.2327456043218343,3648000000.0
1.2283569516118447,3654000000.0,1.2305523270150664,3652000000.0
1.2261621497325081,3658000000.0,1.2283582852966282,3656000000.0
1.2250644637528851,3660000000.0,1.2261634815212838,3660000000.0
1.222868523175999,3664000000.0,1.2239679180350596,3664000000.0
1.2206718263860705,3668000000.0,1.2217715971756369,3668000000.0
1.2184743757089476,3672000000.0,1.2195745212727558,3672000000.0
1.2151767912246703,3678000000.0,1.217376692648632,3676000000.0
1.212977465958203,3682000000.0,1.2151781136183755,3680000000.0
1.2107773948902456,3686000000.0,1.2129787864904258,3684000000.0
1.2085765803171662,3690000000.0,1.2107787135669943,3688000000.0
1.2052739693957761,3696000000.0,1.208577897144513,3692000000.0
1.2041727298149887,3698000000.0,1.2063763395140943,3696000000.0
1.2008679072430462,3704000000.0,1.2041740429619905,3700000000.0
1.1986637751827813,3708000000.0,1.2019710097700655,3704000000.0
1.1964589121648328,3712000000.0,1.1997672422162582,3708000000.0
1.195356207256237,3714000000.0,1.1975627425750521,3712000000.0
1.1942533204593277,3716000000.0,1.1953575131179446,3716000000.0
1.1920470023341037,3720000000.0,1.1931515561139068,3720000000.0
1.188736168065767,3726000000.0,1.1909448738298445,3724000000.0
1.1865280438020593,3730000000.0,1.1876334954586905,3730000000.0
1.185423712093567,3732000000.0,1.1854250098827612,3734000000.0
1.1832145109377108,3736000000.0,1.1832158069511354,3738000000.0
1.1810045946825483,3740000000.0,1.1821109371841358,3740000000.0
1.1787939655913986,3744000000.0,1.17990066246228,3744000000.0
1.1765826259282743,3748000000.0,1.177689676043054,3748000000.0
1.174370577958253,3752000000.0,1.1754779801909891,3752000000.0
1.1721578239478458,3756000000.0,1.1732655771718643,3756000000.0
1.1699443661653448,3760000000.0,1.1710524692530684,3760000000.0
1.1677302068811586,3764000000.0,1.1688386587039372,3764000000.0
1.1655153483681318,3768000000.0,1.1655166304182147,3770000000.0
1.1632997929018485,3772000000.0,1.1633010732372986,3774000000.0
1.1610835427609274,3776000000.0,1.1621930340039057,3776000000.0
1.1588666002272903,3780000000.0,1.1599764356769287,3780000000.0
1.1566489675864267,3784000000.0,1.157759146106474,3784000000.0
1.1544306471276404,3788000000.0,1.1544319206739941,3790000000.0
1.1522116411442793,3792000000.0,1.152212913010814,3794000000.0
1.149991951933957,3796000000.0,1.149993222127689,3798000000.0
1.1477715817987582,3800000000.0,1.147772850326719,3802000000.0
1.1455505330454283,3804000000.0,1.145551799914665,3806000000.0
1.143328807985562,3808000000.0,1.143330073203133,3810000000.0
1.1411064089357645,3812000000.0,1.1422189569588062,3812000000.0
1.138883338217815,3816000000.0,1.1399962201433276,3816000000.0
1.1366595981588135,3820000000.0,1.1377728128296631,3820000000.0
1.134435191091316,3824000000.0,1.1355487373476323,3824000000.0
1.1322101193534655,3828000000.0,1.1333239960325803,3828000000.0
1.1299843852891094,3832000000.0,1.1310985912254967,3832000000.0
1.1277579912479112,3836000000.0,1.1288725252731302,3836000000.0
1.1255309395854507,3840000000.0,1.1266458005280975,3840000000.0
1.1233032326633214,3844000000.0,1.1244184193489803,3844000000.0
1.121074872849217,3848000000.0,1.1221903841004166,3848000000.0
1.1188458625170115,3852000000.0,1.119961697153185,3852000000.0
1.115501132505527,3858000000.0,1.1177323608842835,3856000000.0
1.1132705063049926,3862000000.0,1.115502377677001,3860000000.0
1.111039237944624,3866000000.0,1.113271749920981,3864000000.0
1.1088073298269543,3870000000.0,1.1110404800122873,3868000000.0
1.106574784361046,3874000000.0,1.1076923763703155,3874000000.0
1.1054582733771299,3876000000.0,1.105459511605324,3878000000.0
1.1032247764202419,3880000000.0,1.1032260131251874,3882000000.0
1.1009906481666194,3884000000.0,1.1021090269996718,3884000000.0
1.0987558910485102,3888000000.0,1.0998745824968545,3888000000.0
1.0965205075048727,3892000000.0,1.0976395103553522,3892000000.0
1.0942844999814052,3896000000.0,1.0954038130174895,3896000000.0
1.0920478709305752,3900000000.0,1.0931674929323432,3900000000.0
1.0898106228116466,3904000000.0,1.0909305525557733,3904000000.0
1.0864535952769883,3910000000.0,1.0886929943504469,3908000000.0
1.0853342792406542,3912000000.0,1.085335504017431,3914000000.0
1.0830951887412903,3916000000.0,1.0830964120592412,3918000000.0
1.0808554890792603,3920000000.0,1.0819766374911404,3920000000.0
1.0786151827481074,3924000000.0,1.0797366327343125,3924000000.0
1.0763742722482768,3928000000.0,1.0774960225648575,3928000000.0
1.074132760087127,3932000000.0,1.0752548094866712,3932000000.0
1.0718906487789401,3936000000.0,1.073012996010568,3936000000.0
1.0696479408449275,3940000000.0,1.0707705846542872,3940000000.0
1.0674046388132385,3944000000.0,1.0674058521191543,3946000000.0
1.065160745218963,3948000000.0,1.0651619571230566,3950000000.0
1.062916262604137,3952000000.0,1.0629174731135067,3954000000.0
1.060671193517741,3956000000.0,1.0617950110249703,3956000000.0
1.0573024958469488,3962000000.0,1.059549648276739,3960000000.0
1.0550559717790131,3966000000.0,1.057303702900518,3964000000.0
1.0539324930231566,3968000000.0,1.055057177462646,3968000000.0
1.051685103679226,3972000000.0,1.0528100745364073,3972000000.0
1.0494371407128096,3976000000.0,1.0505623967020248,3976000000.0
1.0460641263899206,3982000000.0,1.0471898076589774,3982000000.0
1.0449395042819627,3984000000.0,1.0449407038881944,3986000000.0
1.0426898360195564,3988000000.0,1.0426910342946059,3990000000.0
1.0404396045386979,3992000000.0,1.041565988130043,3992000000.0
1.0381888124576606,3996000000.0,1.0393154747007185,3996000000.0
1.0359374624016087,4000000000.0,1.03706440198994,4000000000.0
1.0336855570025762,4004000000.0,1.0348127726262986,4004000000.0
1.0314330988994613,4008000000.0,1.032560589245251,4008000000.0
1.0291800907380062,4012000000.0,1.030307854489111,4012000000.0
1.026926535170785,4016000000.0,1.0269277243234813,4018000000.0
1.024672434857187,4020000000.0,1.0246736227345603,4022000000.0
1.0224177924633984,4024000000.0,1.0224189790723854,4026000000.0
1.019034818321324,4030000000.0,1.0212914547988619,4028000000.0
1.0167788324360738,4034000000.0,1.0190360030407124,4032000000.0
1.0145223138555521,4038000000.0,1.0167800159043678,4036000000.0
1.0133938556469713,4040000000.0,1.0145234960796485,4040000000.0
1.0111365430816432,4044000000.0,1.0122664462630815,4044000000.0
1.0088787045749248,4048000000.0,1.0100088691578821,4048000000.0
1.00662034284003,4052000000.0,1.0077507674739326,4052000000.0
1.0043614605968036,4056000000.0,1.0054921439277504,4056000000.0
1.0021020605716933,4060000000.0,1.0032330012424757,4060000000.0
0.9987119956732831,4066000000.0,1.0009733421478346,4064000000.0
0.9964513131647812,4070000000.0,0.9987131693801219,4068000000.0
0.9941901224685958,4074000000.0,0.9964524856821706,4072000000.0
0.9930593374110708,4076000000.0,0.994191293803325,4076000000.0
0.9907973896025837,4080000000.0,0.9919295964994164,4080000000.0
0.987403528844617,4086000000.0,0.9896673965327278,4084000000.0
0.9851403330205377,4090000000.0,0.9874046966719727,4088000000.0
0.9840085495553308,4092000000.0,0.9840097156517591,4094000000.0
0.9817446132599885,4096000000.0,0.9817457782108643,4098000000.0
0.979480186804552,4100000000.0,0.9806136255082136,4100000000.0
0.9760826341919753,4106000000.0,0.9783489538858148,4104000000.0
0.973816994588069,4110000000.0,0.97608379630827,4108000000.0
0.9715508746418471,4114000000.0,0.9738181555822161,4112000000.0
0.9692842771723513,4118000000.0,0.9715520345205038,4116000000.0
0.9670172050047658,4122000000.0,0.9692854359421599,4120000000.0
0.964749660970389,4126000000.0,0.9670183626723561,4124000000.0
0.9636157128895961,4128000000.0,0.9647508175423765,4128000000.0
0.9613474663769992,4132000000.0,0.9624828033895816,4132000000.0
0.9579442260704392,4138000000.0,0.9602143230573756,4136000000.0
0.9556748230029077,4142000000.0,0.9579453793951718,4140000000.0
0.9534049623155503,4146000000.0,0.9556759752583588,4144000000.0
0.9511346468756119,4150000000.0,0.9534061135082634,4148000000.0
0.9488638795562081,4154000000.0,0.9511357970121175,4152000000.0
0.9465926632362853,4158000000.0,0.9488650286430222,4156000000.0
0.9443210008005898,4162000000.0,0.9465938112799095,4160000000.0
0.9431850031923861,4164000000.0,0.9443221478075103,4164000000.0
0.9409126770045191,4168000000.0,0.9420500411163157,4168000000.0
0.938639911937865,4172000000.0,0.9397774941025405,4172000000.0
0.9363667108971718,4176000000.0,0.9375045096680901,4176000000.0
0.9340930767928213,4180000000.0,0.9352310907205172,4180000000.0
0.931819012540791,4184000000.0,0.9329572401729913,4184000000.0
0.9295445210626165,4188000000.0,0.9306829609442606,4188000000.0
0.9272696052853564,4192000000.0,0.9284082559586087,4192000000.0
0.9249942681415511,4196000000.0,0.9261331281458265,4196000000.0
0.922718512569189,4200000000.0,0.9227196500481352,4202000000.0
0.9204423415116669,4204000000.0,0.920443478021125,4206000000.0
0.9181657579177518,4208000000.0,0.9193052371243349,4208000000.0
0.9158887647415459,4212000000.0,0.9170284474096579,4212000000.0
0.9136113649424424,4216000000.0,0.9147512495980195,4216000000.0
0.9113335614850953,4220000000.0,0.9124736466514318,4220000000.0
0.9090553573393736,4224000000.0,0.9101956415371468,4224000000.0
0.9067767554803297,4228000000.0,0.9079172372276143,4228000000.0
0.9033581134998512,4234000000.0,0.9056384367004457,4232000000.0
0.9022183705481464,4236000000.0,0.9033592429383748,4236000000.0
0.8999385934506643,4240000000.0,0.901079658929218,4240000000.0
0.8976584305910937,4244000000.0,0.8987996876658375,4244000000.0
0.895377884969808,4248000000.0,0.8965193321461018,4248000000.0
0.8930969595921292,4252000000.0,0.8942385953728484,4252000000.0
0.8908156574682864,4256000000.0,0.8919574803538408,4256000000.0
0.888533981613381,4260000000.0,0.8896759901017344,4260000000.0
0.8862519350473441,4264000000.0,0.8873941276340349,4264000000.0
0.8839695207948988,4268000000.0,0.8851118959730573,4268000000.0
0.8816867418855208,4272000000.0,0.8828292981458916,4272000000.0
0.8794036013533995,4276000000.0,0.8805463371843598,4276000000.0
0.8771201022373996,4280000000.0,0.8782630161249769,4280000000.0
0.8736941878775366,4286000000.0,0.8759793380089134,4284000000.0
0.8714098056271862,4290000000.0,0.8736953058819537,4288000000.0
0.8702674838440458,4292000000.0,0.8714109227944586,4292000000.0
0.8679825808732691,4296000000.0,0.8691261918013233,4296000000.0
0.8656973345816632,4300000000.0,0.8668411159619427,4300000000.0
0.8634117480353067,4304000000.0,0.8645556983401654,4304000000.0
0.8611258243046778,4308000000.0,0.8622699420042585,4308000000.0
0.8588395664646096,4312000000.0,0.8599838500268677,4312000000.0
0.8565529775942555,4316000000.0,0.8576974254849739,4316000000.0
0.854266060777046,4320000000.0,0.8554106714598584,4320000000.0
0.8519788191006494,4324000000.0,0.8531235910370589,4324000000.0
0.8496912556569329,4328000000.0,0.8508361873063333,4328000000.0
0.8474033735419222,4332000000.0,0.8485484633616172,4332000000.0
0.8451151758557631,4336000000.0,0.8462604223009835,4336000000.0
0.842826665702678,4340000000.0,0.843972067226606,4340000000.0
0.8405378461909296,4344000000.0,0.841683401244715,4344000000.0
0.8382487204327798,4348000000.0,0.839394427465562,4348000000.0
0.8359592915444476,4352000000.0,0.8371051490033756,4352000000.0
0.833669562646072,4356000000.0,0.8348155689763241,4356000000.0
0.8313795368616699,4360000000.0,0.8325256905064751,4360000000.0
0.8290892173190976,4364000000.0,0.8302355167197528,4364000000.0
0.8267986071500104,4368000000.0,0.8279450507459019,4368000000.0
0.8245077094898199,4372000000.0,0.8256542957184441,4372000000.0
0.822216527477658,4376000000.0,0.823363254774641,4376000000.0
0.8199250642563332,4380000000.0,0.8210719310554513,4380000000.0
0.8176333229722945,4384000000.0,0.8187803277054919,4384000000.0
0.8141951965703433,4390000000.0,0.8164884478729979,4388000000.0
0.8119027739187379,4394000000.0,0.8141962947097814,4392000000.0
0.8096100842450533,4398000000.0,0.8119038713711939,4396000000.0
0.8073171307116112,4402000000.0,0.809611181016082,4400000000.0
0.8050239164841506,4406000000.0,0.807318226806752,4404000000.0
0.8027304447317856,4410000000.0,0.805025011908926,4408000000.0
0.800436718626969,4414000000.0,0.8027315394917016,4412000000.0
0.799289761184685,4416000000.0,0.8004378127275156,4416000000.0
0.7969956595067362,4420000000.0,0.7981438347920982,4420000000.0
0.7947013114217985,4424000000.0,0.7958496088644385,4424000000.0
0.7924067201136831,4428000000.0,0.793555138126739,4428000000.0
0.7901118887693594,4432000000.0,0.7912604257643787,4432000000.0
0.7878168205789104,4436000000.0,0.7889654749658734,4436000000.0
0.7855215187354947,4440000000.0,0.786670288922831,4440000000.0
0.7832259864353057,4444000000.0,0.7843748708299167,4444000000.0
0.7809302268775302,4448000000.0,0.782079223884808,4448000000.0
0.7786342432643112,4452000000.0,0.7797833512881596,4452000000.0
0.7763380388007031,4456000000.0,0.7774872562435582,4456000000.0
0.7728933250289334,4462000000.0,0.7751909419574843,4460000000.0
0.7717449801568712,4464000000.0,0.7728944116392737,4464000000.0
0.769448132400965,4468000000.0,0.7705976685010727,4468000000.0
0.7671510766432257,4472000000.0,0.7683007157578028,4472000000.0
0.7648538161026739,4476000000.0,0.7660035566271177,4476000000.0
0.7614075483722478,4482000000.0,0.7637061943293619,4480000000.0
0.7591097899753194,4486000000.0,0.7614086320875346,4484000000.0
0.7579608380141964,4488000000.0,0.7591108731272445,4488000000.0
0.7556627905854469,4492000000.0,0.7568129206766732,4492000000.0
0.7533645545082677,4496000000.0,0.754514777966532,4496000000.0
0.75106613301711,4500000000.0,0.7522164482300253,4500000000.0
0.7487675293488545,4504000000.0,0.7499179347028075,4504000000.0
0.7464687467427722,4508000000.0,0.7476192406229427,4508000000.0
0.7441697884404848,4512000000.0,0.7453203692308672,4512000000.0
0.7418706576859226,4516000000.0,0.7430213237693439,4516000000.0
0.7395713577252865,4520000000.0,0.7407221074834287,4520000000.0
0.7372718918070045,4524000000.0,0.7384227236204248,4524000000.0
0.7349722631816968,4528000000.0,0.7361231754298445,4528000000.0
0.7326724751021301,4532000000.0,0.7338234661633707,4532000000.0
0.7303725308231792,4536000000.0,0.7315235990748117,4536000000.0
0.7280724336017896,4540000000.0,0.7292235774200662,4540000000.0
0.72577218669693,4544000000.0,0.72692340445708,4544000000.0
0.723471793369562,4548000000.0,0.7246230834458074,4548000000.0
0.721171256882589,4552000000.0,0.7223226176481692,4552000000.0
0.7188705805008255,4556000000.0,0.7200220103280137,4556000000.0
0.716569767490951,4560000000.0,0.7177212647510767,4560000000.0
0.7142688211214709,4564000000.0,0.7154203841849385,4564000000.0
0.7119677446626773,4568000000.0,0.7131193718989874,4568000000.0
0.7096665413866079,4572000000.0,0.710818231164378,4572000000.0
0.7073652145670062,4576000000.0,0.7085169652539882,4576000000.0
0.7050637674792792,4580000000.0,0.7050648388473784,4582000000.0
0.7027622034004612,4584000000.0,0.7027632743273466,4586000000.0
0.7004605256091705,4588000000.0,0.700461596099621,4590000000.0
0.6981587373855684,4592000000.0,0.6970088727318355,4596000000.0
0.6958568420113225,4596000000.0,0.6947069245887905,4600000000.0
0.693554842769561,4600000000.0,0.6924048742250535,4604000000.0
0.6912527429448385,4604000000.0,0.6901027249258593,4608000000.0
0.6889505458230922,4608000000.0,0.6878004799778044,4612000000.0
0.6866482546915988,4612000000.0,0.6854981426688074,4616000000.0
0.6843458728389429,4616000000.0,0.6831957162880711,4620000000.0
0.6820434035549656,4620000000.0,0.6820444707240161,4622000000.0
0.679740850130734,4624000000.0,0.6797419169056287,4626000000.0
0.6774382158584937,4628000000.0,0.6774392822438515,4630000000.0
0.6751355040316338,4632000000.0,0.6751365700320564,4634000000.0
0.6728327179446438,4636000000.0,0.672833783564716,4638000000.0
0.6705298608930721,4640000000.0,0.6716823635150297,4640000000.0
0.6682269361734905,4644000000.0,0.6693794718438171,4644000000.0
0.6659239470834462,4648000000.0,0.6670765141577939,4648000000.0
0.6636208969214294,4652000000.0,0.6647734937549679,4652000000.0
0.6613177889868287,4656000000.0,0.6624704139342672,4656000000.0
0.6590146265798893,4660000000.0,0.6601672779954981,4660000000.0
0.6555597880551414,4666000000.0,0.6578640892393062,4664000000.0
0.6544081515540361,4668000000.0,0.6555608509671345,4668000000.0
0.652104845539546,4672000000.0,0.6532575664811833,4672000000.0
0.6498014982614828,4676000000.0,0.6509542390843728,4676000000.0
0.6474981130237829,4680000000.0,0.6486508720802968,4680000000.0
0.645194693130998,4684000000.0,0.6463474687731878,4684000000.0
0.6428912418882531,4688000000.0,0.6440440324678751,4688000000.0
0.6405877626012124,4692000000.0,0.6417405664697418,4692000000.0
0.6382842585760331,4696000000.0,0.6394370740846869,4696000000.0
0.6359807331193279,4700000000.0,0.6371335586190847,4700000000.0
0.633677189538123,4704000000.0,0.6348300233797453,4704000000.0
0.631373631139819,4708000000.0,0.6325264716738701,4708000000.0
0.62907006123215,4712000000.0,0.6302229068090162,4712000000.0
0.6267664831231414,4716000000.0,0.6279193320930538,4716000000.0
0.6244629001210731,4720000000.0,0.6256157508341245,4720000000.0
0.6221593155344349,4724000000.0,0.6233121663406038,4724000000.0
0.6198557326718896,4728000000.0,0.621008581921056,4728000000.0
0.6175521548422309,4732000000.0,0.6187050008841997,4732000000.0
0.6152485853543403,4736000000.0,0.6164014265388627,4736000000.0
0.6129450275171533,4740000000.0,0.6140978621939412,4740000000.0
0.6106414846396109,4744000000.0,0.6106425416656167,4746000000.0
0.608337960030624,4748000000.0,0.6094907767410458,4748000000.0
0.6060344569990339,4752000000.0,0.6071872622508536,4752000000.0
0.603730978853565,4756000000.0,0.6048837709965587,4756000000.0
0.6014275289027928,4760000000.0,0.6014285849200287,4762000000.0
0.599124110455096,4764000000.0,0.5991251662303876,4766000000.0
0.596820726818621,4768000000.0,0.5968217823560371,4770000000.0
0.5945173813012374,4772000000.0,0.5945184366048331,4774000000.0
0.5922140772105018,4776000000.0,0.5922151322843145,4778000000.0
0.5899108178536125,4780000000.0,0.5887602607204308,4784000000.0
0.5876076065373712,4784000000.0,0.5864570744446773,4788000000.0
0.5853044465681441,4788000000.0,0.5830023954465786,4794000000.0
0.5830013412518151,4792000000.0,0.580699347878697,4798000000.0
0.5806982938937528,4796000000.0,0.5783963615778362,4802000000.0
0.5783953077987651,4800000000.0,0.5760934398481874,4806000000.0
0.576092386271057,4804000000.0,0.5737905859933021,4810000000.0
0.5737895326141951,4808000000.0,0.5714878033160478,4814000000.0
0.5714867501310623,4812000000.0,0.5680337699814602,4820000000.0
0.5691840421238195,4816000000.0,0.566882464702251,4822000000.0
0.5668814118938634,4820000000.0,0.5645799153676667,4826000000.0
0.5645788627417856,4824000000.0,0.5622774504145513,4830000000.0
0.5622763979673326,4828000000.0,0.5599750731417483,4834000000.0
0.5599740208693653,4832000000.0,0.5576727868471769,4838000000.0
0.5576717347458171,4836000000.0,0.5553705948277865,4842000000.0
0.5553695428936534,4840000000.0,0.5530685003795193,4846000000.0
0.5530674486088296,4844000000.0,0.5507665067972671,4850000000.0
0.5507654551862537,4848000000.0,0.5473137127525458,4856000000.0
0.5484635659197394,4852000000.0,0.5450119857432205,4860000000.0
0.5461617841019715,4856000000.0,0.54271037112317,4864000000.0
0.54386011302446,4860000000.0,0.5404088721820552,4868000000.0
0.5415585559775016,4864000000.0,0.5381074922082587,4872000000.0
0.5392571162501385,4868000000.0,0.536956847861366,4874000000.0
0.5369557971301155,4872000000.0,0.5346556525013777,4878000000.0
0.5346546019038416,4876000000.0,0.5323545843238184,4882000000.0
0.5323535338563459,4880000000.0,0.5300536466122852,4886000000.0
0.5300525962712408,4884000000.0,0.5266024918480454,4892000000.0
0.527751792430676,4888000000.0,0.5243018946576248,4896000000.0
0.5254511256153012,4892000000.0,0.5220014394140451,4900000000.0
0.5220003894870819,4898000000.0,0.519701129394007,4904000000.0
0.52085021617496,4900000000.0,0.5174009678725655,4908000000.0
0.5185499801034128,4904000000.0,0.5162509438218121,4910000000.0
0.516249894163809,4908000000.0,0.5139510111852883,4914000000.0
0.5139499616286716,4912000000.0,0.5116512352275238,4918000000.0
0.5116501857687741,4916000000.0,0.5093516192174863,4922000000.0
0.509350569853098,4920000000.0,0.5070521664223135,4926000000.0
0.5070511171487944,4924000000.0,0.5059025022507702,4928000000.0
0.5047518309211401,4928000000.0,0.5047528801072674,4930000000.0
0.5024527144334994,4932000000.0,0.5024537635356965,4934000000.0
0.5001537709472776,4936000000.0,0.5001548199689951,4938000000.0
0.49785500372188585,4940000000.0,0.4967067361324413,4944000000.0
0.4955564160146939,4944000000.0,0.4955574648857386,4946000000.0
0.4932580110809921,4948000000.0,0.4944082393332927,4948000000.0
0.4909597921739488,4952000000.0,0.49210992693788436,4952000000.0
0.4886617625445684,4956000000.0,0.48981180219829445,4956000000.0
0.4863639254416503,4960000000.0,0.48751386836441535,4960000000.0
0.48406628411174824,4964000000.0,0.48521612868391584,4964000000.0
0.48176884179912527,4968000000.0,0.48291858640219454,4968000000.0
0.47947160174571746,4972000000.0,0.480621244762343,4972000000.0
0.47717456719108586,4976000000.0,0.47832410700510186,4976000000.0
0.4748777413723828,4980000000.0,0.47602717636881753,4980000000.0
0.4725811275243008,4984000000.0,0.4737304560894051,4984000000.0
0.47028472887903927,4988000000.0,0.4714339494003008,4988000000.0
0.4679885486662574,4992000000.0,0.46913765953242503,4992000000.0
0.4656925901130333,4996000000.0,0.466841589714138,4996000000.0
0.4633968564438251,5000000000.0,0.464545743171199,5000000000.0
0.46110135088042403,5004000000.0,0.46225012312672487,5004000000.0
0.4576585272747149,5010000000.0,0.4599547328011462,5008000000.0
0.4553636060533157,5014000000.0,0.45651208507368013,5014000000.0
0.45306892419241374,5018000000.0,0.4542172831167286,5018000000.0
0.4519216740251637,5020000000.0,0.45306997230094126,5020000000.0
0.44962735722151415,5024000000.0,0.4507755330000909,5024000000.0
0.4473332877961349,5028000000.0,0.4484813394785485,5028000000.0
0.44503946895099533,5032000000.0,0.44618739493975657,5032000000.0
0.4427459038850654,5036000000.0,0.44389370258417493,5036000000.0
0.4404525957942722,5040000000.0,0.44160026560924415,5040000000.0
0.43815954787145905,5044000000.0,0.43930708720934053,5044000000.0
0.4358667633063438,5048000000.0,0.43701417057573666,5048000000.0
0.4335742452854734,5052000000.0,0.4347215188965574,5052000000.0
0.43128199699218595,5056000000.0,0.4324291353567369,5056000000.0
0.4289900216065661,5060000000.0,0.4301370231379784,5060000000.0
0.4266983223054015,5064000000.0,0.42784518541870975,5064000000.0
0.42440690226214484,5068000000.0,0.42555362537404395,5068000000.0
0.4221157646468665,5072000000.0,0.4232623461757341,5072000000.0
0.41982491262621524,5076000000.0,0.4209713509921311,5076000000.0
0.41753434936337364,5080000000.0,0.41868064298814467,5080000000.0
0.41524407801801955,5084000000.0,0.41639022532519565,5084000000.0
0.4129541017462799,5088000000.0,0.41410010116117935,5088000000.0
0.41066442370068845,5092000000.0,0.41181027365041656,5092000000.0
0.40837504703014593,5096000000.0,0.4095207459436181,5096000000.0
0.40608597487987463,5100000000.0,0.40723152118783723,5100000000.0
0.4037972103913767,5104000000.0,0.40494260252642844,5104000000.0
0.40150875670239383,5108000000.0,0.40265399309900607,5108000000.0
0.39922061694685906,5112000000.0,0.40036569604139904,5112000000.0
0.3969327942548606,5116000000.0,0.39807771448561136,5116000000.0
0.39464529175259466,5120000000.0,0.39579005155977764,5120000000.0
0.3923581125623241,5124000000.0,0.3935027103881188,5124000000.0
0.3900712598023359,5128000000.0,0.3912156940909046,5128000000.0
0.38778473658689894,5132000000.0,0.38892900578440326,5132000000.0
0.38549854602622036,5136000000.0,0.38664264858084607,5136000000.0
0.3832126912264009,5140000000.0,0.38435662558837835,5140000000.0
0.380927175289397,5144000000.0,0.3820709399110225,5144000000.0
0.3786420013129721,5148000000.0,0.3797855946486304,5148000000.0
0.3763571723906578,5152000000.0,0.37635822180364986,5154000000.0
0.3740726916117101,5156000000.0,0.3740737411127757,5158000000.0
0.3717885620610626,5160000000.0,0.37178961165289737,5162000000.0
0.3695047868192902,5164000000.0,0.3706476795974294,5164000000.0
0.3672213689625603,5168000000.0,0.36836408275872357,5168000000.0
0.36493831156259304,5172000000.0,0.3660808448441428,5172000000.0
0.3626556176866145,5176000000.0,0.3637979689231545,5176000000.0
0.3603732903973196,5180000000.0,0.3615154580607114,5180000000.0
0.35809133275282345,5184000000.0,0.35923331531721114,5184000000.0
0.35580974780662,5188000000.0,0.35695154374845117,5188000000.0
0.35352853860753974,5192000000.0,0.35467014640558636,5192000000.0
0.35010743599249317,5198000000.0,0.35238912633508557,5196000000.0
0.34896725962248487,5200000000.0,0.35010848657868765,5200000000.0
0.34668719591045916,5204000000.0,0.34782823017336106,5204000000.0
0.34440752009336517,5208000000.0,0.3455483601512559,5208000000.0
0.34212823519606284,5212000000.0,0.34326887953966434,5212000000.0
0.33984934423848445,5216000000.0,0.34098979136097674,5216000000.0
0.3375708502355961,5220000000.0,0.33871109863263404,5220000000.0
0.33529275619735177,5224000000.0,0.33643280436709144,5224000000.0
0.333015065128651,5228000000.0,0.3341549115717677,5228000000.0
0.3307377800292959,5232000000.0,0.3318774232490074,5232000000.0
0.32846090389394433,5236000000.0,0.3296003423960334,5236000000.0
0.32618443971207123,5240000000.0,0.3261854916661293,5242000000.0
0.3239083904679192,5244000000.0,0.32390944256647813,5246000000.0
0.32163275914046086,5248000000.0,0.32163381138594316,5250000000.0
0.3193575487033513,5252000000.0,0.32049615344481763,5252000000.0
0.31708276212488373,5256000000.0,0.31822115471686496,5256000000.0
0.3148084023679498,5260000000.0,0.3159465813320721,5260000000.0
0.3125344723899919,5264000000.0,0.3136724362505996,5264000000.0
0.31026097514296147,5268000000.0,0.3113987224271373,5268000000.0
0.3079879135732737,5272000000.0,0.3091254428108634,5272000000.0
0.3057152906217655,5276000000.0,0.3057163439625672,5278000000.0
0.30344310922365114,5280000000.0,0.3034441627303357,5282000000.0
0.30117137230847657,5284000000.0,0.30117242598336036,5286000000.0
0.29890008280007896,5288000000.0,0.3000367252057634,5288000000.0
0.2966292436165383,5292000000.0,0.29776566066704646,5292000000.0
0.2943588576701375,5296000000.0,0.2954950479123415,5296000000.0
0.29208892786731644,5300000000.0,0.29208998223791927,5302000000.0
0.2898194571086261,5304000000.0,0.29095518938652365,5304000000.0
0.2875504482886906,5308000000.0,0.2886859494164815,5308000000.0
0.28528190429615474,5312000000.0,0.28641717283250623,5312000000.0
0.28301382801364783,5316000000.0,0.28414886252022864,5316000000.0
0.2807462223177346,5320000000.0,0.2818810213592391,5320000000.0
0.2784790900788714,5324000000.0,0.2796136522230426,5324000000.0
0.27621243416136476,5328000000.0,0.2773467579790143,5328000000.0
0.273946257423324,5332000000.0,0.2739473132929704,5334000000.0
0.2716805627166212,5336000000.0,0.27168161878351027,5338000000.0
0.2694153528868415,5340000000.0,0.2694164091531266,5342000000.0
0.26601845349554054,5346000000.0,0.2671516872410664,5346000000.0
0.26375446826587234,5350000000.0,0.2648874558802041,5350000000.0
0.2626226610197193,5352000000.0,0.2626237178969957,5354000000.0
0.2603594190262686,5356000000.0,0.2592290421722496,5360000000.0
0.2580966760418626,5360000000.0,0.2569665499564171,5364000000.0
0.2558344348734529,5364000000.0,0.25470456095966654,5368000000.0
0.25357269832139817,5368000000.0,0.25244307797902943,5372000000.0
0.25131146917941516,5372000000.0,0.25018210380487726,5376000000.0
0.24905075023454026,5376000000.0,0.24905180839039254,5378000000.0
0.24679054426708058,5380000000.0,0.24792164122087712,5380000000.0
0.24453085405057307,5384000000.0,0.24566169300394325,5384000000.0
0.24227168235173613,5388000000.0,0.24340226192419845,5388000000.0
0.24001303193042833,5392000000.0,0.24001409097961046,5394000000.0
0.23775490553960266,5396000000.0,0.23888496222252398,5396000000.0
0.23436870451548586,5402000000.0,0.2366270991064665,5400000000.0
0.23324023582641162,5404000000.0,0.23436976413925237,5404000000.0
0.23098369797502283,5408000000.0,0.2309847579494524,5410000000.0
0.22759989512066792,5414000000.0,0.2287287553066255,5414000000.0
0.22647222990704075,5416000000.0,0.22760095545014858,5416000000.0
0.22421730511878657,5420000000.0,0.22534576036229925,5420000000.0
0.2219629234345839,5424000000.0,0.2219639843654697,5426000000.0
0.2197090875505361,5428000000.0,0.21971014872533123,5430000000.0
0.2174558001554403,5432000000.0,0.21858343642156708,5432000000.0
0.2152030639307414,5436000000.0,0.21633042452369988,5436000000.0
0.2129508815504888,5440000000.0,0.21407796513606048,5440000000.0
0.21069925568129078,5444000000.0,0.21182606092897327,5444000000.0
0.2084481889822687,5448000000.0,0.2095747145652962,5448000000.0
0.20619768410501615,5452000000.0,0.20732392870038296,5452000000.0
0.2039477436935484,5456000000.0,0.20507370598203245,5456000000.0
0.20169837038426364,5460000000.0,0.20169943357766407,5462000000.0
0.1994495668058951,5464000000.0,0.1994506302598742,5466000000.0
0.19720133557946395,5468000000.0,0.19832644307011948,5468000000.0
0.19495367931824115,5472000000.0,0.19607849926339282,5472000000.0
0.19270660062769585,5476000000.0,0.1938311317273702,5476000000.0
0.19046010210545639,5480000000.0,0.19158434306359373,5480000000.0
0.18821418634126008,5484000000.0,0.1882152511249009,5486000000.0
0.1859688559169128,5488000000.0,0.18596992097176512,5490000000.0
0.18372411340624284,5492000000.0,0.18372517873404037,5494000000.0
0.18147996137505418,5496000000.0,0.18148102697752044,5498000000.0
0.17923640238108485,5500000000.0,0.17923746825993314,5502000000.0
0.17699343897395936,5504000000.0,0.17811591208781152,5504000000.0
0.17475107369514564,5508000000.0,0.17587324770660206,5508000000.0
0.17250930907791018,5512000000.0,0.17251037579607909,5514000000.0
0.17026814764727094,5516000000.0,0.1702692146485707,5518000000.0
0.16802759191995653,5520000000.0,0.16802865920604892,5522000000.0
0.16578764440435734,5524000000.0,0.16578871197689304,5526000000.0
0.1635483076004851,5528000000.0,0.1635493754611046,5530000000.0
0.16130958399992235,5532000000.0,0.16131065215025675,5534000000.0
0.1590714760857841,5536000000.0,0.15907254452745256,5538000000.0
0.1568339863326682,5540000000.0,0.15795372237270966,5540000000.0
0.15459711720661184,5544000000.0,0.15571654291914916,5544000000.0
0.15236087116504882,5548000000.0,0.15347998532403695,5548000000.0
0.1501252506567603,5552000000.0,0.15124405204047697,5552000000.0
0.14677299810452338,5558000000.0,0.1490087455128979,5556000000.0
0.14565589599162276,5560000000.0,0.14677406817701533,5560000000.0
0.14342216668868524,5564000000.0,0.14454002245977993,5564000000.0
0.1411890726267595,5568000000.0,0.14230661077933737,5568000000.0
0.13895661621070676,5572000000.0,0.13895768734555958,5574000000.0
0.13672479983646957,5576000000.0,0.13784169915711075,5576000000.0
0.13449362589102742,5580000000.0,0.13561020400718116,5580000000.0
0.13226309675235237,5584000000.0,0.13337935247766364,5584000000.0
0.13003321478936458,5588000000.0,0.13114914694200053,5588000000.0
0.12780398236188484,5592000000.0,0.12891958976455653,5592000000.0
0.12446135673934622,5598000000.0,0.1266906833005783,5596000000.0
0.12334747550698522,5600000000.0,0.1244624298961492,5600000000.0
0.1211202057533205,5604000000.0,0.12112127938553918,5606000000.0
0.11889359488258577,5608000000.0,0.11889466883354682,5610000000.0
0.1166676452084463,5612000000.0,0.1177816113625707,5612000000.0
0.11444235903520283,5616000000.0,0.1155559934723076,5616000000.0
0.11110567885700462,5622000000.0,0.11333104023297702,5620000000.0
0.10777050442243086,5628000000.0,0.11110675393473679,5624000000.0
0.10665911554544838,5630000000.0,0.10888313685827011,5628000000.0
0.10443684338860315,5634000000.0,0.10666019127473758,5632000000.0
0.10332596067173982,5636000000.0,0.10443791944573544,5636000000.0
0.10110470336410549,5640000000.0,0.10221632362324762,5640000000.0
0.09888412542150071,5644000000.0,0.09999540604960533,5644000000.0
0.09666422907169991,5648000000.0,0.09777516895744176,5648000000.0
0.09444501653271331,5652000000.0,0.09555561456964412,5652000000.0
0.09222649001274164,5656000000.0,0.09333674509931367,5656000000.0
0.09000865171012862,5660000000.0,0.09000972993101852,5662000000.0
0.08779150381332235,5664000000.0,0.08779258237203802,5666000000.0
0.08557504850082553,5668000000.0,0.08668426817638153,5668000000.0
0.0833592879411551,5672000000.0,0.08446816030961601,5672000000.0
0.08114422429279511,5676000000.0,0.08225274827745199,5676000000.0
0.078929859704155,5680000000.0,0.08003803423333133,5680000000.0
0.07671619631352566,5684000000.0,0.07782402032059998,5684000000.0
0.07450323624903099,5688000000.0,0.07561070867246178,5688000000.0
0.07229098162858971,5692000000.0,0.07339810141193315,5692000000.0
0.0700794345598661,5696000000.0,0.07008051586682296,5698000000.0
0.06786859714023086,5700000000.0,0.06786967879627648,5702000000.0
0.06455367616535534,5706000000.0,0.06565955346305064,5706000000.0
0.06344905958595604,5708000000.0,0.062345704510477606,5712000000.0
0.06124036359417939,5712000000.0,0.0601373675830108,5716000000.0
0.05903238553712731,5716000000.0,0.057929749615370785,5720000000.0
0.05682512746002999,5720000000.0,0.056826210879382444,5722000000.0
0.05461859139755676,5724000000.0,0.05351667870877774,5728000000.0
0.05241277937377653,5728000000.0,0.05131122981792968,5732000000.0
0.05020769340210984,5732000000.0,0.048004420336158926,5738000000.0
0.04800333548528579,5736000000.0,0.046902515201443506,5740000000.0
0.04579970761530294,5740000000.0,0.043597897346761005,5746000000.0
0.04359681177337826,5744000000.0,0.041395735866202266,5750000000.0
0.04139464992991071,5748000000.0,0.03919431034472565,5754000000.0
0.038092787695314545,5754000000.0,0.03809387417801213,5756000000.0
0.035892469397076354,5758000000.0,0.03699362273094575,5758000000.0
0.03369289190784652,5762000000.0,0.0347936749625295,5762000000.0
0.031494057148790944,5766000000.0,0.03259446896614726,5766000000.0
0.030394918890420897,5768000000.0,0.0292970549815581,5772000000.0
0.028197201804611716,5772000000.0,0.028198289940939425,5774000000.0
0.024902028298196655,5778000000.0,0.027099711771907398,5776000000.0
0.02270618344968023,5782000000.0,0.02490311699043568,5780000000.0
0.021608542972744615,5784000000.0,0.021609632223194897,5786000000.0
0.019413827074138634,5788000000.0,0.019414916697991114,5790000000.0
0.017219866121801264,5792000000.0,0.018317841925525435,5792000000.0
0.015026661952908693,5796000000.0,0.016124259510870154,5796000000.0
0.012834216393255549,5800000000.0,0.013931434794967057,5800000000.0
0.010642531257210042,5804000000.0,0.011739369597894012,5804000000.0
0.008451608347678441,5808000000.0,0.009548065728283817,5808000000.0
0.006261449456054002,5812000000.0,0.007357524983284236,5812000000.0
0.00407205636218233,5816000000.0,0.004073148627297574,5818000000.0
0.0018834308343134154,5820000000.0,0.0018845234805651145,5822000000.0
-0.001190222490902837,5826000000.0,-0.001189154507255985,5828000000.0
-0.002449307870021844,5830000000.0,-0.0018935458322979493,5830000000.0
-0.0032093453080714873,5834000000.0,-0.0028797986712576495,5834000000.0
